Energy_keV,InputSpectrum,DetectedSpectrum,GaussianFit
2.000000000000000000e+00,0.000000000000000000e+00,0.000000000000000000e+00,1.668941282670670713e-49
2.100000000000000089e+00,0.000000000000000000e+00,0.000000000000000000e+00,5.804453457929295317e-49
2.200000000000000178e+00,0.000000000000000000e+00,0.000000000000000000e+00,2.005517707282546951e-48
2.300000000000000266e+00,0.000000000000000000e+00,0.000000000000000000e+00,6.883931819373670386e-48
2.400000000000000355e+00,0.000000000000000000e+00,0.000000000000000000e+00,2.347423843650249142e-47
2.500000000000000444e+00,0.000000000000000000e+00,0.000000000000000000e+00,7.952274350685361870e-47
2.600000000000000533e+00,0.000000000000000000e+00,0.000000000000000000e+00,2.676307983350651046e-46
2.700000000000000622e+00,0.000000000000000000e+00,0.000000000000000000e+00,8.947994661717083224e-46
2.800000000000000711e+00,0.000000000000000000e+00,0.000000000000000000e+00,2.972078218498871786e-45
2.900000000000000799e+00,0.000000000000000000e+00,0.000000000000000000e+00,9.807078358132007779e-45
3.000000000000000888e+00,0.000000000000000000e+00,0.000000000000000000e+00,3.214873934648801752e-44
3.100000000000000977e+00,0.000000000000000000e+00,0.000000000000000000e+00,1.046967357979737541e-43
3.200000000000001066e+00,0.000000000000000000e+00,0.000000000000000000e+00,3.387249813032708583e-43
3.300000000000001155e+00,0.000000000000000000e+00,0.000000000000000000e+00,1.088694941898381644e-42
3.400000000000001243e+00,0.000000000000000000e+00,0.000000000000000000e+00,3.476242578726327408e-42
3.500000000000001332e+00,0.000000000000000000e+00,0.000000000000000000e+00,1.102703710854012228e-41
3.600000000000001421e+00,0.000000000000000000e+00,0.000000000000000000e+00,3.474981439328106528e-41
3.700000000000001510e+00,0.000000000000000000e+00,0.000000000000000000e+00,1.087905154074666213e-40
3.800000000000001599e+00,0.000000000000000000e+00,0.000000000000000000e+00,3.383564588663013578e-40
3.900000000000001688e+00,0.000000000000000000e+00,0.000000000000000000e+00,1.045448875417118974e-39
4.000000000000001776e+00,0.000000000000000000e+00,0.000000000000000000e+00,3.209046574538915999e-39
4.100000000000001421e+00,0.000000000000000000e+00,0.000000000000000000e+00,9.785750362944993491e-39
4.200000000000001954e+00,0.000000000000000000e+00,0.000000000000000000e+00,2.964538786099951257e-38
4.300000000000002487e+00,0.000000000000000000e+00,0.000000000000000000e+00,8.922057806189374980e-38
4.400000000000002132e+00,0.000000000000000000e+00,0.000000000000000000e+00,2.667582259459887448e-37
4.500000000000001776e+00,0.000000000000000000e+00,0.000000000000000000e+00,7.923471499895199740e-37
4.600000000000002309e+00,0.000000000000000000e+00,0.000000000000000000e+00,2.338073026300394699e-36
4.700000000000002842e+00,0.000000000000000000e+00,0.000000000000000000e+00,6.854022643558590004e-36
4.800000000000002487e+00,0.000000000000000000e+00,0.000000000000000000e+00,1.996079755389847074e-35
4.900000000000002132e+00,0.000000000000000000e+00,0.000000000000000000e+00,5.775041864987726477e-35
5.000000000000002665e+00,0.000000000000000000e+00,0.000000000000000000e+00,1.659882230293949759e-34
5.100000000000003197e+00,0.000000000000000000e+00,0.000000000000000000e+00,4.739628543261924573e-34
5.200000000000002842e+00,0.000000000000000000e+00,0.000000000000000000e+00,1.344485827680805202e-33
5.300000000000002487e+00,0.000000000000000000e+00,0.000000000000000000e+00,3.788899125383108430e-33
5.400000000000003020e+00,0.000000000000000000e+00,0.000000000000000000e+00,1.060754172999858876e-32
5.500000000000003553e+00,0.000000000000000000e+00,0.000000000000000000e+00,2.950267171950737940e-32
5.600000000000003197e+00,0.000000000000000000e+00,0.000000000000000000e+00,8.151787247692562257e-32
5.700000000000002842e+00,0.000000000000000000e+00,0.000000000000000000e+00,2.237634853980628430e-31
5.800000000000003375e+00,0.000000000000000000e+00,0.000000000000000000e+00,6.101975948073514058e-31
5.900000000000003908e+00,0.000000000000000000e+00,0.000000000000000000e+00,1.653090601168083273e-30
6.000000000000003553e+00,0.000000000000000000e+00,0.000000000000000000e+00,4.449054375886611770e-30
6.100000000000003197e+00,0.000000000000000000e+00,0.000000000000000000e+00,1.189552632776969427e-29
6.200000000000003730e+00,0.000000000000000000e+00,0.000000000000000000e+00,3.159690200177251281e-29
6.300000000000004263e+00,0.000000000000000000e+00,0.000000000000000000e+00,8.337776237535050419e-29
6.400000000000003908e+00,0.000000000000000000e+00,0.000000000000000000e+00,2.185751877113537140e-28
6.500000000000003553e+00,0.000000000000000000e+00,0.000000000000000000e+00,5.692412664267815563e-28
6.600000000000004086e+00,0.000000000000000000e+00,0.000000000000000000e+00,1.472776290850954138e-27
6.700000000000004619e+00,0.000000000000000000e+00,0.000000000000000000e+00,3.785489831839552660e-27
6.800000000000004263e+00,0.000000000000000000e+00,0.000000000000000000e+00,9.666122074746210727e-27
6.900000000000003908e+00,0.000000000000000000e+00,0.000000000000000000e+00,2.452038918964033168e-26
7.000000000000004441e+00,0.000000000000000000e+00,0.000000000000000000e+00,6.179414595918572587e-26
7.100000000000004974e+00,0.000000000000000000e+00,0.000000000000000000e+00,1.547077968320196292e-25
7.200000000000004619e+00,0.000000000000000000e+00,0.000000000000000000e+00,3.847883904856672555e-25
7.300000000000004263e+00,0.000000000000000000e+00,0.000000000000000000e+00,9.507724986574184129e-25
7.400000000000004796e+00,0.000000000000000000e+00,0.000000000000000000e+00,2.333867271155019201e-24
7.500000000000005329e+00,0.000000000000000000e+00,0.000000000000000000e+00,5.691419377315378528e-24
7.600000000000004974e+00,0.000000000000000000e+00,0.000000000000000000e+00,1.378827429538070702e-23
7.700000000000004619e+00,0.000000000000000000e+00,0.000000000000000000e+00,3.318517654863576592e-23
7.800000000000005151e+00,0.000000000000000000e+00,0.000000000000000000e+00,7.934567194931054051e-23
7.900000000000005684e+00,0.000000000000000000e+00,0.000000000000000000e+00,1.884721757291444367e-22
8.000000000000005329e+00,0.000000000000000000e+00,0.000000000000000000e+00,4.447501852426288578e-22
8.100000000000004974e+00,0.000000000000000000e+00,0.000000000000000000e+00,1.042629294477758849e-21
8.200000000000006395e+00,0.000000000000000000e+00,0.000000000000000000e+00,2.428223177863340957e-21
8.300000000000006040e+00,0.000000000000000000e+00,0.000000000000000000e+00,5.618134979994818480e-21
8.400000000000005684e+00,0.000000000000000000e+00,0.000000000000000000e+00,1.291340078339411047e-20
8.500000000000005329e+00,0.000000000000000000e+00,0.000000000000000000e+00,2.948723037286548034e-20
8.600000000000004974e+00,0.000000000000000000e+00,0.000000000000000000e+00,6.689169906733115686e-20
8.700000000000006395e+00,0.000000000000000000e+00,0.000000000000000000e+00,1.507493206327673481e-19
8.800000000000006040e+00,0.000000000000000000e+00,0.000000000000000000e+00,3.375074718175772548e-19
8.900000000000005684e+00,0.000000000000000000e+00,0.000000000000000000e+00,7.506825347615391948e-19
9.000000000000007105e+00,0.000000000000000000e+00,0.000000000000000000e+00,1.658723981256897078e-18
9.100000000000006750e+00,0.000000000000000000e+00,0.000000000000000000e+00,3.641135385119409172e-18
9.200000000000006395e+00,0.000000000000000000e+00,0.000000000000000000e+00,7.940437334819331074e-18
9.300000000000006040e+00,0.000000000000000000e+00,0.000000000000000000e+00,1.720271165696920531e-17
9.400000000000005684e+00,0.000000000000000000e+00,0.000000000000000000e+00,3.702493366491622474e-17
9.500000000000007105e+00,0.000000000000000000e+00,0.000000000000000000e+00,7.916560954944648367e-17
9.600000000000006750e+00,0.000000000000000000e+00,0.000000000000000000e+00,1.681603965460993428e-16
9.700000000000006395e+00,0.000000000000000000e+00,0.000000000000000000e+00,3.548589616365307022e-16
9.800000000000007816e+00,0.000000000000000000e+00,0.000000000000000000e+00,7.439311155694384925e-16
9.900000000000007461e+00,0.000000000000000000e+00,0.000000000000000000e+00,1.549367929000759503e-15
1.000000000000000711e+01,0.000000000000000000e+00,0.000000000000000000e+00,3.205688300172718080e-15
1.010000000000000675e+01,0.000000000000000000e+00,0.000000000000000000e+00,6.589203403239637997e-15
1.020000000000000639e+01,0.000000000000000000e+00,0.000000000000000000e+00,1.345517739052056372e-14
1.030000000000000782e+01,0.000000000000000000e+00,0.000000000000000000e+00,2.729548612344914879e-14
1.040000000000000746e+01,0.000000000000000000e+00,0.000000000000000000e+00,5.500942820865577875e-14
1.050000000000000711e+01,0.000000000000000000e+00,0.000000000000000000e+00,1.101357516102367950e-13
1.060000000000000853e+01,0.000000000000000000e+00,0.000000000000000000e+00,2.190606646254228189e-13
1.070000000000000817e+01,0.000000000000000000e+00,0.000000000000000000e+00,4.328579256076384760e-13
1.080000000000000782e+01,0.000000000000000000e+00,0.000000000000000000e+00,8.497109961696264695e-13
1.090000000000000746e+01,0.000000000000000000e+00,0.000000000000000000e+00,1.657074350595000762e-12
1.100000000000000711e+01,0.000000000000000000e+00,0.000000000000000000e+00,3.210388886954175280e-12
1.110000000000000853e+01,0.000000000000000000e+00,0.000000000000000000e+00,6.178999833990124564e-12
1.120000000000000817e+01,0.000000000000000000e+00,0.000000000000000000e+00,1.181472494855913821e-11
1.130000000000000782e+01,0.000000000000000000e+00,0.000000000000000000e+00,2.244263980943129773e-11
1.140000000000000924e+01,0.000000000000000000e+00,0.000000000000000000e+00,4.235153493876564995e-11
1.150000000000000888e+01,0.000000000000000000e+00,0.000000000000000000e+00,7.939794508005856058e-11
1.160000000000000853e+01,0.000000000000000000e+00,0.000000000000000000e+00,1.478748311627551325e-10
1.170000000000000817e+01,0.000000000000000000e+00,0.000000000000000000e+00,2.736050776528688105e-10
1.180000000000000782e+01,0.000000000000000000e+00,0.000000000000000000e+00,5.029200335508526763e-10
1.190000000000000924e+01,0.000000000000000000e+00,0.000000000000000000e+00,9.183719502335470065e-10
1.200000000000000888e+01,0.000000000000000000e+00,0.000000000000000000e+00,1.666031380285647831e-09
1.210000000000000853e+01,0.000000000000000000e+00,0.000000000000000000e+00,3.002566505903667052e-09
1.220000000000000995e+01,0.000000000000000000e+00,0.000000000000000000e+00,5.375848064518606282e-09
1.230000000000000959e+01,0.000000000000000000e+00,0.000000000000000000e+00,9.561944706940982138e-09
1.240000000000000924e+01,0.000000000000000000e+00,0.000000000000000000e+00,1.689625136622734250e-08
1.250000000000000888e+01,0.000000000000000000e+00,0.000000000000000000e+00,2.966056281920413245e-08
1.260000000000000853e+01,0.000000000000000000e+00,0.000000000000000000e+00,5.172652521836486354e-08
1.270000000000000995e+01,0.000000000000000000e+00,0.000000000000000000e+00,8.961735350811372817e-08
1.280000000000000959e+01,0.000000000000000000e+00,0.000000000000000000e+00,1.542466767167794308e-07
1.290000000000000924e+01,0.000000000000000000e+00,0.000000000000000000e+00,2.637451054920336510e-07
1.300000000000001066e+01,0.000000000000000000e+00,0.000000000000000000e+00,4.480205075716434221e-07
1.310000000000001030e+01,0.000000000000000000e+00,0.000000000000000000e+00,7.560600147603478664e-07
1.320000000000000995e+01,0.000000000000000000e+00,0.000000000000000000e+00,1.267533770557721895e-06
1.330000000000000959e+01,0.000000000000000000e+00,0.000000000000000000e+00,2.111094621566855062e-06
1.340000000000000924e+01,0.000000000000000000e+00,0.000000000000000000e+00,3.493017419688533635e-06
1.350000000000001066e+01,0.000000000000000000e+00,0.000000000000000000e+00,5.741676180423065859e-06
1.360000000000001030e+01,0.000000000000000000e+00,0.000000000000000000e+00,9.376084901955198284e-06
1.370000000000000995e+01,0.000000000000000000e+00,0.000000000000000000e+00,1.521070203502933083e-05
1.380000000000001137e+01,0.000000000000000000e+00,0.000000000000000000e+00,2.451443444673708224e-05
1.390000000000001101e+01,0.000000000000000000e+00,0.000000000000000000e+00,3.924997547685755717e-05
1.400000000000001066e+01,0.000000000000000000e+00,0.000000000000000000e+00,6.243121584369041351e-05
1.410000000000001030e+01,0.000000000000000000e+00,0.000000000000000000e+00,9.865272543803760665e-05
1.420000000000000995e+01,0.000000000000000000e+00,0.000000000000000000e+00,1.548678519417098797e-04
1.430000000000001137e+01,0.000000000000000000e+00,0.000000000000000000e+00,2.415229214344337817e-04
1.440000000000001101e+01,0.000000000000000000e+00,0.000000000000000000e+00,3.741970192108514380e-04
1.450000000000001066e+01,0.000000000000000000e+00,0.000000000000000000e+00,5.759531872208054071e-04
1.460000000000001208e+01,0.000000000000000000e+00,0.000000000000000000e+00,8.806816349892991180e-04
1.470000000000001172e+01,0.000000000000000000e+00,0.000000000000000000e+00,1.337813536318642037e-03
1.480000000000001137e+01,0.000000000000000000e+00,0.000000000000000000e+00,2.018910764732100623e-03
1.490000000000001101e+01,0.000000000000000000e+00,0.000000000000000000e+00,3.026798800921834311e-03
1.500000000000001066e+01,0.000000000000000000e+00,0.000000000000000000e+00,4.508113842291278615e-03
1.510000000000001208e+01,0.000000000000000000e+00,0.000000000000000000e+00,6.670387867575161729e-03
1.520000000000001172e+01,0.000000000000000000e+00,0.000000000000000000e+00,9.805103739181222217e-03
1.530000000000001137e+01,0.000000000000000000e+00,0.000000000000000000e+00,1.431852195586682218e-02
1.540000000000001279e+01,0.000000000000000000e+00,0.000000000000000000e+00,2.077251486822486934e-02
1.550000000000001243e+01,0.000000000000000000e+00,0.000000000000000000e+00,2.993814303804802693e-02
1.560000000000001208e+01,0.000000000000000000e+00,0.000000000000000000e+00,4.286526681872457334e-02
1.570000000000001172e+01,0.000000000000000000e+00,0.000000000000000000e+00,6.097209190140143176e-02
1.580000000000001137e+01,0.000000000000000000e+00,0.000000000000000000e+00,8.615917891921995309e-02
1.590000000000001279e+01,0.000000000000000000e+00,0.000000000000000000e+00,1.209530709494322648e-01
1.600000000000001421e+01,0.000000000000000000e+00,0.000000000000000000e+00,1.686852616273162853e-01
1.610000000000001208e+01,0.000000000000000000e+00,0.000000000000000000e+00,2.337126773191516294e-01
1.620000000000001350e+01,0.000000000000000000e+00,0.000000000000000000e+00,3.216860987701214980e-01
1.630000000000001137e+01,0.000000000000000000e+00,1.000000000000000000e+00,4.398729025501196266e-01
1.640000000000001279e+01,0.000000000000000000e+00,3.000000000000000000e+00,5.975400456920040293e-01
1.650000000000001421e+01,0.000000000000000000e+00,2.000000000000000000e+00,8.064022200998024470e-01
1.660000000000001208e+01,0.000000000000000000e+00,2.000000000000000000e+00,1.081138430944670104e+00
1.670000000000001350e+01,0.000000000000000000e+00,2.000000000000000000e+00,1.439977770653321665e+00
1.680000000000001137e+01,0.000000000000000000e+00,1.000000000000000000e+00,1.905351745114519213e+00
1.690000000000001279e+01,0.000000000000000000e+00,3.000000000000000000e+00,2.504606066620030269e+00
1.700000000000001421e+01,0.000000000000000000e+00,3.000000000000000000e+00,3.270759308910666796e+00
1.710000000000001563e+01,0.000000000000000000e+00,2.000000000000000000e+00,4.243289237991147544e+00
1.720000000000001350e+01,0.000000000000000000e+00,4.000000000000000000e+00,5.468920087260814356e+00
1.730000000000001137e+01,0.000000000000000000e+00,6.000000000000000000e+00,7.002375740184811015e+00
1.740000000000001279e+01,0.000000000000000000e+00,1.300000000000000000e+01,8.907055041691116060e+00
1.750000000000001421e+01,0.000000000000000000e+00,1.700000000000000000e+01,1.125557673506461853e+01
1.760000000000001563e+01,0.000000000000000000e+00,1.500000000000000000e+01,1.413013340160737386e+01
1.770000000000001350e+01,0.000000000000000000e+00,1.700000000000000000e+01,1.762258697689555120e+01
1.780000000000001492e+01,0.000000000000000000e+00,2.100000000000000000e+01,2.183423374245754545e+01
1.790000000000001279e+01,0.000000000000000000e+00,2.100000000000000000e+01,2.687516502080656977e+01
1.800000000000001421e+01,0.000000000000000000e+00,2.700000000000000000e+01,3.286315202033438965e+01
1.810000000000001563e+01,0.000000000000000000e+00,4.200000000000000000e+01,3.992199021099045808e+01
1.820000000000001350e+01,0.000000000000000000e+00,4.600000000000000000e+01,4.817925094861674751e+01
1.830000000000001492e+01,0.000000000000000000e+00,4.900000000000000000e+01,5.776340626367233710e+01
1.840000000000001279e+01,0.000000000000000000e+00,6.800000000000000000e+01,6.880031692937812693e+01
1.850000000000001421e+01,0.000000000000000000e+00,8.800000000000000000e+01,8.140910386486956440e+01
1.860000000000001563e+01,0.000000000000000000e+00,1.040000000000000000e+02,9.569745788330375547e+01
1.870000000000001350e+01,0.000000000000000000e+00,1.160000000000000000e+02,1.117564815278037713e+02
1.880000000000001492e+01,0.000000000000000000e+00,1.440000000000000000e+02,1.296551975008955822e+02
1.890000000000001634e+01,0.000000000000000000e+00,1.670000000000000000e+02,1.494348987608326524e+02
1.900000000000001421e+01,0.000000000000000000e+00,1.840000000000000000e+02,1.711035531144936499e+02
1.910000000000001563e+01,0.000000000000000000e+00,1.970000000000000000e+02,1.946305072066178354e+02
1.920000000000001705e+01,0.000000000000000000e+00,2.140000000000000000e+02,2.199417582343830020e+02
1.930000000000001492e+01,0.000000000000000000e+00,2.470000000000000000e+02,2.469160736848210149e+02
1.940000000000001634e+01,0.000000000000000000e+00,2.840000000000000000e+02,2.753822374526624230e+02
1.950000000000001421e+01,0.000000000000000000e+00,3.290000000000000000e+02,3.051176830151538297e+02
1.960000000000001563e+01,0.000000000000000000e+00,3.810000000000000000e+02,3.358487399263659654e+02
1.970000000000001705e+01,0.000000000000000000e+00,4.030000000000000000e+02,3.672526687826584180e+02
1.980000000000001492e+01,0.000000000000000000e+00,3.970000000000000000e+02,3.989615931942362863e+02
1.990000000000001634e+01,0.000000000000000000e+00,4.150000000000000000e+02,4.305683575666378715e+02
2.000000000000001421e+01,0.000000000000000000e+00,4.290000000000000000e+02,4.616342501964213625e+02
2.010000000000001563e+01,0.000000000000000000e+00,4.560000000000000000e+02,4.916984368706649207e+02
2.020000000000001705e+01,0.000000000000000000e+00,5.170000000000000000e+02,5.202888561475779170e+02
2.030000000000001492e+01,0.000000000000000000e+00,5.380000000000000000e+02,5.469342395393841798e+02
2.040000000000001634e+01,0.000000000000000000e+00,5.250000000000000000e+02,5.711768437163758563e+02
2.050000000000001776e+01,0.000000000000000000e+00,5.460000000000000000e+02,5.925854230189645477e+02
2.060000000000001563e+01,0.000000000000000000e+00,6.040000000000000000e+02,6.107679336111810926e+02
2.070000000000001705e+01,0.000000000000000000e+00,6.490000000000000000e+02,6.253834489466530613e+02
2.080000000000001847e+01,0.000000000000000000e+00,6.450000000000000000e+02,6.361527817476178370e+02
2.090000000000001634e+01,0.000000000000000000e+00,6.090000000000000000e+02,6.428673505977358218e+02
2.100000000000001776e+01,1.000000000000000000e+04,6.070000000000000000e+02,6.453958978939484723e+02
2.110000000000001563e+01,0.000000000000000000e+00,6.790000000000000000e+02,6.436887569168484333e+02
2.120000000000001705e+01,0.000000000000000000e+00,6.980000000000000000e+02,6.377794742370195991e+02
2.130000000000001847e+01,0.000000000000000000e+00,6.470000000000000000e+02,6.277837134228516334e+02
2.140000000000001634e+01,0.000000000000000000e+00,6.180000000000000000e+02,6.138954900975738838e+02
2.150000000000001776e+01,0.000000000000000000e+00,6.240000000000000000e+02,5.963809095443133401e+02
2.160000000000001563e+01,0.000000000000000000e+00,5.930000000000000000e+02,5.755696892219185656e+02
2.170000000000001705e+01,0.000000000000000000e+00,5.520000000000000000e+02,5.518448433856073052e+02
2.180000000000001847e+01,0.000000000000000000e+00,5.390000000000000000e+02,5.256309803119465869e+02
2.190000000000001634e+01,0.000000000000000000e+00,4.990000000000000000e+02,4.973817107116111060e+02
2.200000000000001776e+01,0.000000000000000000e+00,4.790000000000000000e+02,4.675666868010951589e+02
2.210000000000001918e+01,0.000000000000000000e+00,4.480000000000000000e+02,4.366587850263699693e+02
2.220000000000001705e+01,0.000000000000000000e+00,3.940000000000000000e+02,4.051219131665666282e+02
2.230000000000001847e+01,0.000000000000000000e+00,3.620000000000000000e+02,3.733998676347736136e+02
2.240000000000001990e+01,0.000000000000000000e+00,3.240000000000000000e+02,3.419065936406998958e+02
2.250000000000001776e+01,0.000000000000000000e+00,2.790000000000000000e+02,3.110181147782345761e+02
2.260000000000001918e+01,0.000000000000000000e+00,2.590000000000000000e+02,2.810663053075642779e+02
2.270000000000001705e+01,0.000000000000000000e+00,2.470000000000000000e+02,2.523345837107752629e+02
2.280000000000001847e+01,0.000000000000000000e+00,2.240000000000000000e+02,2.250555154420544568e+02
2.290000000000001990e+01,0.000000000000000000e+00,2.040000000000000000e+02,1.994102308925502030e+02
2.300000000000001776e+01,0.000000000000000000e+00,1.690000000000000000e+02,1.755294952015238152e+02
2.310000000000001918e+01,0.000000000000000000e+00,1.500000000000000000e+02,1.534962122924198695e+02
2.320000000000001705e+01,0.000000000000000000e+00,1.450000000000000000e+02,1.333491078179025067e+02
2.330000000000001847e+01,0.000000000000000000e+00,1.030000000000000000e+02,1.150873148146552296e+02
2.340000000000001990e+01,0.000000000000000000e+00,8.000000000000000000e+01,9.867558099169170305e+01
2.350000000000001776e+01,0.000000000000000000e+00,8.100000000000000000e+01,8.404982601865600600e+01
2.360000000000001918e+01,0.000000000000000000e+00,7.100000000000000000e+01,7.112279859630817214e+01
2.370000000000002061e+01,0.000000000000000000e+00,5.800000000000000000e+01,5.978961371336959729e+01
2.380000000000001847e+01,0.000000000000000000e+00,5.600000000000000000e+01,4.993298737593273984e+01
2.390000000000001990e+01,0.000000000000000000e+00,5.800000000000000000e+01,4.142802633227985609e+01
2.400000000000002132e+01,0.000000000000000000e+00,3.900000000000000000e+01,3.414647122864645468e+01
2.410000000000001918e+01,0.000000000000000000e+00,3.200000000000000000e+01,2.796033091112103719e+01
2.420000000000002061e+01,0.000000000000000000e+00,2.300000000000000000e+01,2.274488138999736364e+01
2.430000000000001847e+01,0.000000000000000000e+00,1.400000000000000000e+01,1.838103396964926617e+01
2.440000000000001990e+01,0.000000000000000000e+00,1.900000000000000000e+01,1.475710239553604275e+01
2.450000000000002132e+01,0.000000000000000000e+00,1.100000000000000000e+01,1.177001823389243462e+01
2.460000000000001918e+01,0.000000000000000000e+00,5.000000000000000000e+00,9.326057147752194965e+00
2.470000000000002061e+01,0.000000000000000000e+00,8.000000000000000000e+00,7.341146668832507771e+00
2.480000000000001847e+01,0.000000000000000000e+00,7.000000000000000000e+00,5.740829137828540318e+00
2.490000000000001990e+01,0.000000000000000000e+00,6.000000000000000000e+00,4.459952501740243491e+00
2.500000000000002132e+01,0.000000000000000000e+00,5.000000000000000000e+00,3.442157495668883183e+00
2.510000000000001918e+01,0.000000000000000000e+00,1.000000000000000000e+00,2.639223280316098208e+00
2.520000000000002061e+01,0.000000000000000000e+00,0.000000000000000000e+00,2.010325683328646473e+00
2.530000000000002203e+01,0.000000000000000000e+00,1.000000000000000000e+00,1.521253535689152558e+00
2.540000000000001990e+01,0.000000000000000000e+00,3.000000000000000000e+00,1.143619816010629231e+00
2.550000000000002132e+01,0.000000000000000000e+00,3.000000000000000000e+00,8.540958961602119759e-01
2.560000000000002274e+01,0.000000000000000000e+00,2.000000000000000000e+00,6.336894694175233544e-01
2.570000000000002061e+01,0.000000000000000000e+00,1.000000000000000000e+00,4.670799627999506765e-01
2.580000000000002203e+01,0.000000000000000000e+00,1.000000000000000000e+00,3.420195061735273878e-01
2.590000000000001990e+01,0.000000000000000000e+00,1.000000000000000000e+00,2.488028816467471038e-01
2.600000000000002132e+01,0.000000000000000000e+00,0.000000000000000000e+00,1.798062685433065300e-01
2.610000000000002274e+01,0.000000000000000000e+00,0.000000000000000000e+00,1.290919444713418129e-01
2.620000000000002061e+01,0.000000000000000000e+00,0.000000000000000000e+00,9.207428360184667648e-02
2.630000000000002203e+01,0.000000000000000000e+00,0.000000000000000000e+00,6.524127596497378279e-02
2.640000000000001990e+01,0.000000000000000000e+00,0.000000000000000000e+00,4.592524013453180148e-02
2.650000000000002132e+01,0.000000000000000000e+00,0.000000000000000000e+00,3.211628604043122864e-02
2.660000000000002274e+01,0.000000000000000000e+00,0.000000000000000000e+00,2.231228715164744469e-02
2.670000000000002061e+01,0.000000000000000000e+00,0.000000000000000000e+00,1.539954026212339219e-02
2.680000000000002203e+01,0.000000000000000000e+00,0.000000000000000000e+00,1.055884251700474515e-02
2.690000000000002345e+01,0.000000000000000000e+00,0.000000000000000000e+00,7.192332578160300083e-03
2.700000000000002132e+01,0.000000000000000000e+00,0.000000000000000000e+00,4.867075708113612238e-03
2.710000000000002274e+01,0.000000000000000000e+00,0.000000000000000000e+00,3.271985227284013482e-03
2.720000000000002416e+01,0.000000000000000000e+00,0.000000000000000000e+00,2.185241594580158639e-03
2.730000000000002203e+01,0.000000000000000000e+00,0.000000000000000000e+00,1.449881386558732376e-03
2.740000000000002345e+01,0.000000000000000000e+00,0.000000000000000000e+00,9.556753457235880097e-04
2.750000000000002132e+01,0.000000000000000000e+00,0.000000000000000000e+00,6.257965751652162052e-04
2.760000000000002274e+01,0.000000000000000000e+00,0.000000000000000000e+00,4.070997854982990141e-04
2.770000000000002416e+01,0.000000000000000000e+00,0.000000000000000000e+00,2.630955223810790681e-04
2.780000000000002203e+01,0.000000000000000000e+00,0.000000000000000000e+00,1.689160558009776558e-04
2.790000000000002345e+01,0.000000000000000000e+00,0.000000000000000000e+00,1.077390890181372147e-04
2.800000000000002132e+01,0.000000000000000000e+00,0.000000000000000000e+00,6.826853101292296839e-05
2.810000000000002274e+01,0.000000000000000000e+00,0.000000000000000000e+00,4.297468564485539103e-05
2.820000000000002416e+01,0.000000000000000000e+00,0.000000000000000000e+00,2.687507909211171131e-05
2.830000000000002203e+01,0.000000000000000000e+00,0.000000000000000000e+00,1.669674003508950027e-05
2.840000000000002345e+01,0.000000000000000000e+00,0.000000000000000000e+00,1.030524951291040463e-05
2.850000000000002487e+01,0.000000000000000000e+00,0.000000000000000000e+00,6.318736272569599617e-06
2.860000000000002274e+01,0.000000000000000000e+00,0.000000000000000000e+00,3.848990500351431182e-06
2.870000000000002416e+01,0.000000000000000000e+00,0.000000000000000000e+00,2.329208363332612925e-06
2.880000000000002558e+01,0.000000000000000000e+00,0.000000000000000000e+00,1.400279511135855683e-06
2.890000000000002345e+01,0.000000000000000000e+00,0.000000000000000000e+00,8.363075538844421771e-07
2.900000000000002487e+01,0.000000000000000000e+00,0.000000000000000000e+00,4.962062116889773281e-07
2.910000000000002274e+01,0.000000000000000000e+00,0.000000000000000000e+00,2.924847758743029539e-07
2.920000000000002416e+01,0.000000000000000000e+00,0.000000000000000000e+00,1.712731267656840171e-07
2.930000000000002558e+01,0.000000000000000000e+00,0.000000000000000000e+00,9.963687062823356280e-08
2.940000000000002345e+01,0.000000000000000000e+00,0.000000000000000000e+00,5.758320365046087502e-08
2.950000000000002487e+01,0.000000000000000000e+00,0.000000000000000000e+00,3.306103607505930079e-08
2.960000000000002274e+01,0.000000000000000000e+00,0.000000000000000000e+00,1.885740756300235420e-08
2.970000000000002416e+01,0.000000000000000000e+00,0.000000000000000000e+00,1.068543993511496413e-08
2.980000000000002558e+01,0.000000000000000000e+00,0.000000000000000000e+00,6.015167413841829460e-09
2.990000000000002345e+01,0.000000000000000000e+00,0.000000000000000000e+00,3.363937533874078712e-09
3.000000000000002487e+01,0.000000000000000000e+00,0.000000000000000000e+00,1.868929925239525919e-09
3.010000000000002629e+01,0.000000000000000000e+00,0.000000000000000000e+00,1.031532712673758273e-09
3.020000000000002416e+01,0.000000000000000000e+00,0.000000000000000000e+00,5.656110483862180820e-10
3.030000000000002558e+01,0.000000000000000000e+00,0.000000000000000000e+00,3.081042258681804437e-10
3.040000000000002700e+01,0.000000000000000000e+00,0.000000000000000000e+00,1.667332891831626621e-10
3.050000000000002487e+01,0.000000000000000000e+00,0.000000000000000000e+00,8.963794100197479739e-11
3.060000000000002629e+01,0.000000000000000000e+00,0.000000000000000000e+00,4.787472788255561140e-11
3.070000000000002416e+01,0.000000000000000000e+00,0.000000000000000000e+00,2.540186810052482025e-11
3.080000000000002558e+01,0.000000000000000000e+00,0.000000000000000000e+00,1.338967040087348381e-11
3.090000000000002700e+01,0.000000000000000000e+00,0.000000000000000000e+00,7.011630288010894541e-12
3.100000000000002487e+01,0.000000000000000000e+00,0.000000000000000000e+00,3.647648839637384870e-12
3.110000000000002629e+01,0.000000000000000000e+00,0.000000000000000000e+00,1.885176109736818540e-12
3.120000000000002416e+01,0.000000000000000000e+00,0.000000000000000000e+00,9.679116668440086721e-13
3.130000000000002558e+01,0.000000000000000000e+00,0.000000000000000000e+00,4.937014625817017991e-13
3.140000000000002700e+01,0.000000000000000000e+00,0.000000000000000000e+00,2.501715934287607886e-13
3.150000000000002487e+01,0.000000000000000000e+00,0.000000000000000000e+00,1.259379058782675819e-13
3.160000000000002629e+01,0.000000000000000000e+00,0.000000000000000000e+00,6.298249082374456795e-14
3.170000000000002771e+01,0.000000000000000000e+00,0.000000000000000000e+00,3.129162294397500039e-14
3.180000000000002558e+01,0.000000000000000000e+00,0.000000000000000000e+00,1.544476258256995664e-14
3.190000000000002700e+01,0.000000000000000000e+00,0.000000000000000000e+00,7.573197393607164065e-15
3.200000000000002842e+01,0.000000000000000000e+00,0.000000000000000000e+00,3.689115127681180810e-15
3.210000000000002274e+01,0.000000000000000000e+00,0.000000000000000000e+00,1.785295179527487819e-15
3.220000000000003126e+01,0.000000000000000000e+00,0.000000000000000000e+00,8.583071846224102012e-16
3.230000000000002558e+01,0.000000000000000000e+00,0.000000000000000000e+00,4.099400551888457585e-16
3.240000000000002700e+01,0.000000000000000000e+00,0.000000000000000000e+00,1.945104123069895542e-16
3.250000000000002842e+01,0.000000000000000000e+00,0.000000000000000000e+00,9.168752412298981132e-17
3.260000000000002274e+01,0.000000000000000000e+00,0.000000000000000000e+00,4.293609352651494930e-17
3.270000000000003126e+01,0.000000000000000000e+00,0.000000000000000000e+00,1.997467413298156390e-17
3.280000000000002558e+01,0.000000000000000000e+00,0.000000000000000000e+00,9.231701839998198115e-18
3.290000000000002700e+01,0.000000000000000000e+00,0.000000000000000000e+00,4.238661428063410384e-18
3.300000000000002842e+01,0.000000000000000000e+00,0.000000000000000000e+00,1.933394941249016115e-18
3.310000000000002274e+01,0.000000000000000000e+00,0.000000000000000000e+00,8.761073420980799376e-19
3.320000000000003126e+01,0.000000000000000000e+00,0.000000000000000000e+00,3.944018593527296333e-19
3.330000000000002558e+01,0.000000000000000000e+00,0.000000000000000000e+00,1.763865554874859530e-19
3.340000000000002700e+01,0.000000000000000000e+00,0.000000000000000000e+00,7.836766316187110494e-20
3.350000000000002842e+01,0.000000000000000000e+00,0.000000000000000000e+00,3.459021058883864590e-20
3.360000000000002984e+01,0.000000000000000000e+00,0.000000000000000000e+00,1.516751409350008569e-20
3.370000000000003126e+01,0.000000000000000000e+00,0.000000000000000000e+00,6.607246355898766982e-21
3.380000000000002558e+01,0.000000000000000000e+00,0.000000000000000000e+00,2.859377430150376699e-21
3.390000000000002700e+01,0.000000000000000000e+00,0.000000000000000000e+00,1.229326833542298630e-21
3.400000000000002842e+01,0.000000000000000000e+00,0.000000000000000000e+00,5.250590275078983610e-22
3.410000000000002984e+01,0.000000000000000000e+00,0.000000000000000000e+00,2.227890235652778168e-22
3.420000000000003126e+01,0.000000000000000000e+00,0.000000000000000000e+00,9.391270333153598472e-23
3.430000000000002558e+01,0.000000000000000000e+00,0.000000000000000000e+00,3.932781208111952875e-23
3.440000000000002700e+01,0.000000000000000000e+00,0.000000000000000000e+00,1.636138716999421663e-23
3.450000000000002842e+01,0.000000000000000000e+00,0.000000000000000000e+00,6.762158549886459868e-24
3.460000000000002984e+01,0.000000000000000000e+00,0.000000000000000000e+00,2.776485876693949042e-24
3.470000000000003126e+01,0.000000000000000000e+00,0.000000000000000000e+00,1.132531994505070570e-24
3.480000000000002558e+01,0.000000000000000000e+00,0.000000000000000000e+00,4.589341578840994454e-25
3.490000000000002700e+01,0.000000000000000000e+00,0.000000000000000000e+00,1.847545649086081605e-25
3.500000000000002842e+01,0.000000000000000000e+00,0.000000000000000000e+00,7.388986352336820850e-26
3.510000000000002984e+01,0.000000000000000000e+00,0.000000000000000000e+00,2.935752523800005411e-26
3.520000000000003126e+01,0.000000000000000000e+00,0.000000000000000000e+00,1.158774456469171101e-26
3.530000000000003268e+01,0.000000000000000000e+00,0.000000000000000000e+00,4.543842563480453071e-27
3.540000000000002700e+01,0.000000000000000000e+00,0.000000000000000000e+00,1.770078509584245839e-27
3.550000000000002842e+01,0.000000000000000000e+00,0.000000000000000000e+00,6.850254003407274691e-28
3.560000000000002984e+01,0.000000000000000000e+00,0.000000000000000000e+00,2.633696416382417237e-28
3.570000000000003126e+01,0.000000000000000000e+00,0.000000000000000000e+00,1.005934358936896273e-28
3.580000000000003268e+01,0.000000000000000000e+00,0.000000000000000000e+00,3.816967512652274563e-29
3.590000000000002700e+01,0.000000000000000000e+00,0.000000000000000000e+00,1.438838919587278091e-29
3.600000000000002842e+01,0.000000000000000000e+00,0.000000000000000000e+00,5.388287766958914101e-30
3.610000000000002984e+01,0.000000000000000000e+00,0.000000000000000000e+00,2.004630244316444108e-30
3.620000000000003126e+01,0.000000000000000000e+00,0.000000000000000000e+00,7.409052411140229394e-31
3.630000000000003268e+01,0.000000000000000000e+00,0.000000000000000000e+00,2.720419927003932263e-31
3.640000000000003411e+01,0.000000000000000000e+00,0.000000000000000000e+00,9.923254268119449670e-32
3.650000000000002842e+01,0.000000000000000000e+00,0.000000000000000000e+00,3.595979305081257842e-32
3.660000000000002984e+01,0.000000000000000000e+00,0.000000000000000000e+00,1.294568810677596390e-32
3.670000000000003126e+01,0.000000000000000000e+00,0.000000000000000000e+00,4.629967977753134111e-33
3.680000000000003268e+01,0.000000000000000000e+00,0.000000000000000000e+00,1.645037213503764543e-33
3.690000000000003411e+01,0.000000000000000000e+00,0.000000000000000000e+00,5.806552515693326471e-34
3.700000000000002842e+01,0.000000000000000000e+00,0.000000000000000000e+00,2.036131775323879130e-34
3.710000000000002984e+01,0.000000000000000000e+00,0.000000000000000000e+00,7.093136157072458420e-35
3.720000000000003126e+01,0.000000000000000000e+00,0.000000000000000000e+00,2.454797110047259396e-35
3.730000000000003268e+01,0.000000000000000000e+00,0.000000000000000000e+00,8.439909737932636552e-36
3.740000000000003411e+01,0.000000000000000000e+00,0.000000000000000000e+00,2.882736138437342595e-36
3.750000000000002842e+01,0.000000000000000000e+00,0.000000000000000000e+00,9.781757113776813406e-37
3.760000000000002984e+01,0.000000000000000000e+00,0.000000000000000000e+00,3.297416061424091069e-37
3.770000000000003126e+01,0.000000000000000000e+00,0.000000000000000000e+00,1.104270613480679271e-37
3.780000000000003268e+01,0.000000000000000000e+00,0.000000000000000000e+00,3.673856364327498341e-38
3.790000000000003411e+01,0.000000000000000000e+00,0.000000000000000000e+00,1.214265686057640645e-38
3.800000000000002842e+01,0.000000000000000000e+00,0.000000000000000000e+00,3.987036063223184907e-39
3.810000000000002984e+01,0.000000000000000000e+00,0.000000000000000000e+00,1.300563307581299044e-39
3.820000000000003126e+01,0.000000000000000000e+00,0.000000000000000000e+00,4.214613193444080688e-40
3.830000000000003268e+01,0.000000000000000000e+00,0.000000000000000000e+00,1.356840628184320404e-40
3.840000000000003411e+01,0.000000000000000000e+00,0.000000000000000000e+00,4.339551512947417110e-41
3.850000000000003553e+01,0.000000000000000000e+00,0.000000000000000000e+00,1.378814203893171069e-41
3.860000000000002984e+01,0.000000000000000000e+00,0.000000000000000000e+00,4.352227022179704330e-42
3.870000000000003126e+01,0.000000000000000000e+00,0.000000000000000000e+00,1.364778666870810457e-42
3.880000000000003268e+01,0.000000000000000000e+00,0.000000000000000000e+00,4.251652894207831827e-43
3.890000000000003411e+01,0.000000000000000000e+00,0.000000000000000000e+00,1.315825411454394227e-43
3.900000000000003553e+01,0.000000000000000000e+00,0.000000000000000000e+00,4.045606412875856264e-44
3.910000000000002984e+01,0.000000000000000000e+00,0.000000000000000000e+00,1.235702372775857127e-44
3.920000000000003126e+01,0.000000000000000000e+00,0.000000000000000000e+00,3.749635255948870877e-45
3.930000000000003268e+01,0.000000000000000000e+00,0.000000000000000000e+00,1.130339902895246724e-45
3.940000000000003411e+01,0.000000000000000000e+00,0.000000000000000000e+00,3.385119357103403907e-46
3.950000000000003553e+01,0.000000000000000000e+00,0.000000000000000000e+00,1.007125993554029158e-46
3.960000000000003695e+01,0.000000000000000000e+00,0.000000000000000000e+00,2.976723635252020504e-47
3.970000000000003126e+01,0.000000000000000000e+00,0.000000000000000000e+00,8.740537054652016188e-48
3.980000000000003268e+01,0.000000000000000000e+00,0.000000000000000000e+00,2.549662007807086649e-48
3.990000000000003411e+01,0.000000000000000000e+00,0.000000000000000000e+00,7.388767463275942326e-49
4.000000000000003553e+01,0.000000000000000000e+00,0.000000000000000000e+00,2.127189971148773293e-49
4.010000000000003695e+01,0.000000000000000000e+00,0.000000000000000000e+00,6.083947344077038260e-50
4.020000000000003126e+01,0.000000000000000000e+00,0.000000000000000000e+00,1.728659703198075731e-50
4.030000000000003268e+01,0.000000000000000000e+00,0.000000000000000000e+00,4.879535272831779442e-51
4.040000000000003411e+01,0.000000000000000000e+00,0.000000000000000000e+00,1.368334594591530256e-51
4.050000000000003553e+01,0.000000000000000000e+00,0.000000000000000000e+00,3.811983781105530462e-52
4.060000000000003695e+01,0.000000000000000000e+00,0.000000000000000000e+00,1.055005377087280616e-52
4.070000000000003126e+01,0.000000000000000000e+00,0.000000000000000000e+00,2.900702531067907667e-53
4.080000000000003268e+01,0.000000000000000000e+00,0.000000000000000000e+00,7.923126803164081230e-54
4.090000000000003411e+01,0.000000000000000000e+00,0.000000000000000000e+00,2.149982430673727885e-54
4.100000000000003553e+01,0.000000000000000000e+00,0.000000000000000000e+00,5.795862945787461085e-55
4.110000000000003695e+01,0.000000000000000000e+00,0.000000000000000000e+00,1.552194696748416597e-55
4.120000000000003126e+01,0.000000000000000000e+00,0.000000000000000000e+00,4.129706385299621192e-56
4.130000000000003268e+01,0.000000000000000000e+00,0.000000000000000000e+00,1.091533444340434590e-56
4.140000000000003411e+01,0.000000000000000000e+00,0.000000000000000000e+00,2.866155906838098103e-57
4.150000000000003553e+01,0.000000000000000000e+00,0.000000000000000000e+00,7.476657146859742151e-58
4.160000000000003695e+01,0.000000000000000000e+00,0.000000000000000000e+00,1.937581651353709387e-58
4.170000000000003837e+01,0.000000000000000000e+00,0.000000000000000000e+00,4.988356141177103883e-59
4.180000000000003268e+01,0.000000000000000000e+00,0.000000000000000000e+00,1.275850484910278727e-59
4.190000000000003411e+01,0.000000000000000000e+00,0.000000000000000000e+00,3.241805880497460670e-60
4.200000000000003553e+01,0.000000000000000000e+00,0.000000000000000000e+00,8.183123775547207538e-61
4.210000000000003695e+01,0.000000000000000000e+00,0.000000000000000000e+00,2.052088689069251351e-61
4.220000000000003837e+01,0.000000000000000000e+00,0.000000000000000000e+00,5.112319936188329610e-62
4.230000000000003268e+01,0.000000000000000000e+00,0.000000000000000000e+00,1.265274672732543097e-62
4.240000000000003411e+01,0.000000000000000000e+00,0.000000000000000000e+00,3.110974824411624231e-63
4.250000000000003553e+01,0.000000000000000000e+00,0.000000000000000000e+00,7.598940959564071760e-64
4.260000000000003695e+01,0.000000000000000000e+00,0.000000000000000000e+00,1.843972906722410482e-64
4.270000000000003837e+01,0.000000000000000000e+00,0.000000000000000000e+00,4.445298132019569322e-65
4.280000000000003979e+01,0.000000000000000000e+00,0.000000000000000000e+00,1.064613924467880466e-65
4.290000000000003411e+01,0.000000000000000000e+00,0.000000000000000000e+00,2.532959717566538755e-66
4.300000000000003553e+01,0.000000000000000000e+00,0.000000000000000000e+00,5.987000796366813925e-67
4.310000000000003695e+01,0.000000000000000000e+00,0.000000000000000000e+00,1.405837878111777497e-67
4.320000000000003837e+01,0.000000000000000000e+00,0.000000000000000000e+00,3.279488081969983077e-68
4.330000000000003979e+01,0.000000000000000000e+00,0.000000000000000000e+00,7.600143025092035486e-69
4.340000000000003411e+01,0.000000000000000000e+00,0.000000000000000000e+00,1.749775636940950857e-69
4.350000000000003553e+01,0.000000000000000000e+00,0.000000000000000000e+00,4.002099273299884137e-70
4.360000000000003695e+01,0.000000000000000000e+00,0.000000000000000000e+00,9.093650127591048751e-71
4.370000000000003837e+01,0.000000000000000000e+00,0.000000000000000000e+00,2.052737974329688465e-71
4.380000000000003979e+01,0.000000000000000000e+00,0.000000000000000000e+00,4.603346689824835607e-72
4.390000000000003411e+01,0.000000000000000000e+00,0.000000000000000000e+00,1.025554496673357786e-72
4.400000000000003553e+01,0.000000000000000000e+00,0.000000000000000000e+00,2.269805762398195423e-73
4.410000000000003695e+01,0.000000000000000000e+00,0.000000000000000000e+00,4.990723818302771263e-74
4.420000000000003837e+01,0.000000000000000000e+00,0.000000000000000000e+00,1.090142501377025705e-74
4.430000000000003979e+01,0.000000000000000000e+00,0.000000000000000000e+00,2.365635878652380616e-75
4.440000000000003411e+01,0.000000000000000000e+00,0.000000000000000000e+00,5.099850166178993678e-76
4.450000000000003553e+01,0.000000000000000000e+00,0.000000000000000000e+00,1.092224280657775488e-76
4.460000000000003695e+01,0.000000000000000000e+00,0.000000000000000000e+00,2.323866251305386253e-77
4.470000000000003837e+01,0.000000000000000000e+00,0.000000000000000000e+00,4.911965668698727627e-78
4.480000000000003979e+01,0.000000000000000000e+00,0.000000000000000000e+00,1.031441041965314315e-78
4.490000000000004121e+01,0.000000000000000000e+00,0.000000000000000000e+00,2.151683481886690547e-79
4.500000000000003553e+01,0.000000000000000000e+00,0.000000000000000000e+00,4.459203119477069152e-80
4.510000000000003695e+01,0.000000000000000000e+00,0.000000000000000000e+00,9.180810353298120642e-81
4.520000000000003837e+01,0.000000000000000000e+00,0.000000000000000000e+00,1.877801446604302406e-81
4.530000000000003979e+01,0.000000000000000000e+00,0.000000000000000000e+00,3.815603285604168573e-82
4.540000000000004121e+01,0.000000000000000000e+00,0.000000000000000000e+00,7.702321647213932802e-83
4.550000000000003553e+01,0.000000000000000000e+00,0.000000000000000000e+00,1.544631826850283334e-83
4.560000000000003695e+01,0.000000000000000000e+00,0.000000000000000000e+00,3.077323826526421005e-84
4.570000000000003837e+01,0.000000000000000000e+00,0.000000000000000000e+00,6.090687418100130721e-85
4.580000000000003979e+01,0.000000000000000000e+00,0.000000000000000000e+00,1.197579395882237540e-85
4.590000000000004121e+01,0.000000000000000000e+00,0.000000000000000000e+00,2.339306950553075737e-86
4.600000000000004263e+01,0.000000000000000000e+00,0.000000000000000000e+00,4.539572942317923663e-87
4.610000000000003695e+01,0.000000000000000000e+00,0.000000000000000000e+00,8.751604404514708930e-88
4.620000000000003837e+01,0.000000000000000000e+00,0.000000000000000000e+00,1.676120544803104212e-88
4.630000000000003979e+01,0.000000000000000000e+00,0.000000000000000000e+00,3.189096878604936255e-89
4.640000000000004121e+01,0.000000000000000000e+00,0.000000000000000000e+00,6.028025313147678472e-90
4.650000000000004263e+01,0.000000000000000000e+00,0.000000000000000000e+00,1.131950183112935898e-90
4.660000000000003695e+01,0.000000000000000000e+00,0.000000000000000000e+00,2.111662232755497655e-91
4.670000000000003837e+01,0.000000000000000000e+00,0.000000000000000000e+00,3.913510316074385438e-92
4.680000000000003979e+01,0.000000000000000000e+00,0.000000000000000000e+00,7.205322187504771533e-93
4.690000000000004121e+01,0.000000000000000000e+00,0.000000000000000000e+00,1.317908379053284164e-93
4.700000000000004263e+01,0.000000000000000000e+00,0.000000000000000000e+00,2.394759611566423289e-94
4.710000000000003695e+01,0.000000000000000000e+00,0.000000000000000000e+00,4.322982950160565244e-95
4.720000000000003837e+01,0.000000000000000000e+00,0.000000000000000000e+00,7.752647043101652016e-96
4.730000000000003979e+01,0.000000000000000000e+00,0.000000000000000000e+00,1.381215341423712400e-96
4.740000000000004121e+01,0.000000000000000000e+00,0.000000000000000000e+00,2.444655497182143483e-97
4.750000000000004263e+01,0.000000000000000000e+00,0.000000000000000000e+00,4.298518810981160785e-98
4.760000000000003695e+01,0.000000000000000000e+00,0.000000000000000000e+00,7.508702340908566995e-99
4.770000000000003837e+01,0.000000000000000000e+00,0.000000000000000000e+00,1.303034267514327662e-99
4.780000000000003979e+01,0.000000000000000000e+00,0.000000000000000000e+00,2.246423726760547473e-100
4.790000000000004121e+01,0.000000000000000000e+00,0.000000000000000000e+00,3.847444907488094923e-101
4.800000000000004263e+01,0.000000000000000000e+00,0.000000000000000000e+00,6.546332104387460073e-102
4.810000000000004405e+01,0.000000000000000000e+00,0.000000000000000000e+00,1.106543648811146477e-102
4.820000000000003837e+01,0.000000000000000000e+00,0.000000000000000000e+00,1.858163639567248735e-103
4.830000000000003979e+01,0.000000000000000000e+00,0.000000000000000000e+00,3.099875539283327169e-104
4.840000000000004121e+01,0.000000000000000000e+00,0.000000000000000000e+00,5.137471771129983407e-105
4.850000000000004263e+01,0.000000000000000000e+00,0.000000000000000000e+00,8.458620329395509119e-106
4.860000000000004405e+01,0.000000000000000000e+00,0.000000000000000000e+00,1.383548879197990505e-106
4.870000000000003837e+01,0.000000000000000000e+00,0.000000000000000000e+00,2.248197050791215655e-107
4.880000000000003979e+01,0.000000000000000000e+00,0.000000000000000000e+00,3.629268777310939327e-108
4.890000000000004121e+01,0.000000000000000000e+00,0.000000000000000000e+00,5.820345735480330483e-109
4.900000000000004263e+01,0.000000000000000000e+00,0.000000000000000000e+00,9.273065456816036305e-110
4.910000000000004405e+01,0.000000000000000000e+00,0.000000000000000000e+00,1.467718470326293732e-110
4.920000000000004547e+01,0.000000000000000000e+00,0.000000000000000000e+00,2.307847382458330804e-111
4.930000000000003979e+01,0.000000000000000000e+00,0.000000000000000000e+00,3.605091595800831747e-112
4.940000000000004121e+01,0.000000000000000000e+00,0.000000000000000000e+00,5.594617676024192679e-113
4.950000000000004263e+01,0.000000000000000000e+00,0.000000000000000000e+00,8.625204774743929919e-114
4.960000000000004405e+01,0.000000000000000000e+00,0.000000000000000000e+00,1.321031909057629969e-114
4.970000000000004547e+01,0.000000000000000000e+00,0.000000000000000000e+00,2.010027934618910833e-115
4.980000000000003979e+01,0.000000000000000000e+00,0.000000000000000000e+00,3.038335794779920132e-116
4.990000000000004121e+01,0.000000000000000000e+00,0.000000000000000000e+00,4.562620410355312813e-117
5.000000000000004263e+01,0.000000000000000000e+00,0.000000000000000000e+00,6.806718646394949131e-118
5.010000000000004405e+01,0.000000000000000000e+00,0.000000000000000000e+00,1.008802505062330703e-118
5.020000000000004547e+01,0.000000000000000000e+00,0.000000000000000000e+00,1.485317836394997872e-119
5.030000000000003979e+01,0.000000000000000000e+00,0.000000000000000000e+00,2.172588780242268072e-120
5.040000000000004121e+01,0.000000000000000000e+00,0.000000000000000000e+00,3.157043459251142640e-121
5.050000000000004263e+01,0.000000000000000000e+00,0.000000000000000000e+00,4.557518918535195751e-122
5.060000000000004405e+01,0.000000000000000000e+00,0.000000000000000000e+00,6.536139183798681198e-123
5.070000000000004547e+01,0.000000000000000000e+00,0.000000000000000000e+00,9.312343669572045473e-124
5.080000000000003979e+01,0.000000000000000000e+00,0.000000000000000000e+00,1.318079453983751322e-124
5.090000000000004121e+01,0.000000000000000000e+00,0.000000000000000000e+00,1.853399653280641409e-125
5.100000000000004263e+01,0.000000000000000000e+00,0.000000000000000000e+00,2.589056072893698346e-126
5.110000000000004405e+01,0.000000000000000000e+00,0.000000000000000000e+00,3.593012491362075746e-127
5.120000000000004547e+01,0.000000000000000000e+00,0.000000000000000000e+00,4.953599486116939510e-128
5.130000000000004690e+01,0.000000000000000000e+00,0.000000000000000000e+00,6.784657738991748346e-129
5.140000000000004121e+01,0.000000000000000000e+00,0.000000000000000000e+00,9.231661893068503727e-130
5.150000000000004263e+01,0.000000000000000000e+00,0.000000000000000000e+00,1.247891217521682822e-130
5.160000000000004405e+01,0.000000000000000000e+00,0.000000000000000000e+00,1.675785614913574662e-131
5.170000000000004547e+01,0.000000000000000000e+00,0.000000000000000000e+00,2.235656515931063607e-132
5.180000000000004690e+01,0.000000000000000000e+00,0.000000000000000000e+00,2.963033715857848279e-133
5.190000000000004121e+01,0.000000000000000000e+00,0.000000000000000000e+00,3.901332796223848739e-134
5.200000000000004263e+01,0.000000000000000000e+00,0.000000000000000000e+00,5.103102549208207629e-135
5.210000000000004405e+01,0.000000000000000000e+00,0.000000000000000000e+00,6.631327620676914885e-136
5.220000000000004547e+01,0.000000000000000000e+00,0.000000000000000000e+00,8.560745092902994561e-137
5.230000000000004690e+01,0.000000000000000000e+00,0.000000000000000000e+00,1.097912016019529431e-137
5.240000000000004832e+01,0.000000000000000000e+00,0.000000000000000000e+00,1.398841160061197382e-138
5.250000000000004263e+01,0.000000000000000000e+00,0.000000000000000000e+00,1.770574311645127818e-139
5.260000000000004405e+01,0.000000000000000000e+00,0.000000000000000000e+00,2.226408272954720686e-140
5.270000000000004547e+01,0.000000000000000000e+00,0.000000000000000000e+00,2.781252041072185289e-141
5.280000000000004690e+01,0.000000000000000000e+00,0.000000000000000000e+00,3.451602531278743062e-142
5.290000000000004832e+01,0.000000000000000000e+00,0.000000000000000000e+00,4.255455980382991340e-143
5.300000000000004263e+01,0.000000000000000000e+00,0.000000000000000000e+00,5.212142944315221366e-144
5.310000000000004405e+01,0.000000000000000000e+00,0.000000000000000000e+00,6.342075752011202949e-145
5.320000000000004547e+01,0.000000000000000000e+00,0.000000000000000000e+00,7.666399100220964078e-146
5.330000000000004690e+01,0.000000000000000000e+00,0.000000000000000000e+00,9.206537258534502442e-147
5.340000000000004832e+01,0.000000000000000000e+00,0.000000000000000000e+00,1.098363513879107246e-147
5.350000000000004263e+01,0.000000000000000000e+00,0.000000000000000000e+00,1.301789524230392519e-148
5.360000000000004405e+01,0.000000000000000000e+00,0.000000000000000000e+00,1.532781813139264262e-149
5.370000000000004547e+01,0.000000000000000000e+00,0.000000000000000000e+00,1.792936039376561205e-150
5.380000000000004690e+01,0.000000000000000000e+00,0.000000000000000000e+00,2.083503080917465643e-151
5.390000000000004832e+01,0.000000000000000000e+00,0.000000000000000000e+00,2.405295223558944929e-152
5.400000000000004263e+01,0.000000000000000000e+00,0.000000000000000000e+00,2.758592318482393119e-153
5.410000000000004405e+01,0.000000000000000000e+00,0.000000000000000000e+00,3.143051868511532620e-154
5.420000000000004547e+01,0.000000000000000000e+00,0.000000000000000000e+00,3.557627433737846835e-155
5.430000000000004690e+01,0.000000000000000000e+00,0.000000000000000000e+00,4.000499998418111360e-156
5.440000000000004832e+01,0.000000000000000000e+00,0.000000000000000000e+00,4.469026969894529859e-157
5.450000000000004974e+01,0.000000000000000000e+00,0.000000000000000000e+00,4.959713253151271009e-158
5.460000000000004405e+01,0.000000000000000000e+00,0.000000000000000000e+00,5.468208341355255962e-159
5.470000000000004547e+01,0.000000000000000000e+00,0.000000000000000000e+00,5.989332579180528189e-160
5.480000000000004690e+01,0.000000000000000000e+00,0.000000000000000000e+00,6.517134707050944752e-161
5.490000000000004832e+01,0.000000000000000000e+00,0.000000000000000000e+00,7.044981515312670194e-162
5.500000000000004974e+01,0.000000000000000000e+00,0.000000000000000000e+00,7.565678982348058382e-163
5.510000000000004405e+01,0.000000000000000000e+00,0.000000000000000000e+00,8.071622711823841608e-164
5.520000000000004547e+01,0.000000000000000000e+00,0.000000000000000000e+00,8.554973907329063002e-165
5.530000000000004690e+01,0.000000000000000000e+00,0.000000000000000000e+00,9.007855622557574563e-166
5.540000000000004832e+01,0.000000000000000000e+00,0.000000000000000000e+00,9.422562698732028196e-167
5.550000000000004974e+01,0.000000000000000000e+00,0.000000000000000000e+00,9.791777740841670207e-168
5.560000000000005116e+01,0.000000000000000000e+00,0.000000000000000000e+00,1.010878477133359478e-168
5.570000000000004547e+01,0.000000000000000000e+00,0.000000000000000000e+00,1.036767189624763450e-169
5.580000000000004690e+01,0.000000000000000000e+00,0.000000000000000000e+00,1.056351446327179190e-170
5.590000000000004832e+01,0.000000000000000000e+00,0.000000000000000000e+00,1.069253079364349847e-171
5.600000000000004974e+01,0.000000000000000000e+00,0.000000000000000000e+00,1.075220361100361853e-172
5.610000000000005116e+01,0.000000000000000000e+00,0.000000000000000000e+00,1.074136172102353749e-173
5.620000000000004547e+01,0.000000000000000000e+00,0.000000000000000000e+00,1.066021823937369068e-174
5.630000000000004690e+01,0.000000000000000000e+00,0.000000000000000000e+00,1.051036362507494931e-175
5.640000000000004832e+01,0.000000000000000000e+00,0.000000000000000000e+00,1.029471383731171756e-176
5.650000000000004974e+01,0.000000000000000000e+00,0.000000000000000000e+00,1.001741597639036223e-177
5.660000000000005116e+01,0.000000000000000000e+00,0.000000000000000000e+00,9.683715674295902767e-179
5.670000000000004547e+01,0.000000000000000000e+00,0.000000000000000000e+00,9.299792157412857657e-180
5.680000000000004690e+01,0.000000000000000000e+00,0.000000000000000000e+00,8.872568222184196678e-181
5.690000000000004832e+01,0.000000000000000000e+00,0.000000000000000000e+00,8.409503274782196520e-182
5.700000000000004974e+01,0.000000000000000000e+00,0.000000000000000000e+00,7.918378048506321514e-183
5.710000000000005116e+01,0.000000000000000000e+00,0.000000000000000000e+00,7.407079617134497060e-184
5.720000000000004547e+01,0.000000000000000000e+00,0.000000000000000000e+00,6.883394887808578815e-185
5.730000000000004690e+01,0.000000000000000000e+00,0.000000000000000000e+00,6.354819930045318671e-186
5.740000000000004832e+01,0.000000000000000000e+00,0.000000000000000000e+00,5.828391346239998729e-187
5.750000000000004974e+01,0.000000000000000000e+00,0.000000000000000000e+00,5.310544499101112619e-188
5.760000000000005116e+01,0.000000000000000000e+00,0.000000000000000000e+00,4.807001877474390865e-189
5.770000000000005258e+01,0.000000000000000000e+00,0.000000000000000000e+00,4.322693300772381807e-190
5.780000000000004690e+01,0.000000000000000000e+00,0.000000000000000000e+00,3.861708126793829718e-191
5.790000000000004832e+01,0.000000000000000000e+00,0.000000000000000000e+00,3.427278219676381350e-192
5.800000000000004974e+01,0.000000000000000000e+00,0.000000000000000000e+00,3.021789221539731524e-193
5.810000000000005116e+01,0.000000000000000000e+00,0.000000000000000000e+00,2.646816701217595527e-194
5.820000000000005258e+01,0.000000000000000000e+00,0.000000000000000000e+00,2.303183055307468078e-195
5.830000000000004690e+01,0.000000000000000000e+00,0.000000000000000000e+00,1.991030619488362874e-196
5.840000000000004832e+01,0.000000000000000000e+00,0.000000000000000000e+00,1.709906302305657838e-197
5.850000000000004974e+01,0.000000000000000000e+00,0.000000000000000000e+00,1.458853154818507056e-198
5.860000000000005116e+01,0.000000000000000000e+00,0.000000000000000000e+00,1.236504600722897211e-199
5.870000000000005258e+01,0.000000000000000000e+00,0.000000000000000000e+00,1.041177528194503352e-200
5.880000000000005400e+01,0.000000000000000000e+00,0.000000000000000000e+00,8.709610379770567557e-202
5.890000000000004832e+01,0.000000000000000000e+00,0.000000000000000000e+00,7.237983032224357644e-203
5.900000000000004974e+01,0.000000000000000000e+00,0.000000000000000000e+00,5.975596795284420402e-204
5.910000000000005116e+01,0.000000000000000000e+00,0.000000000000000000e+00,4.901058682224992207e-205
5.920000000000005258e+01,0.000000000000000000e+00,0.000000000000000000e+00,3.993405494829424828e-206
5.930000000000005400e+01,0.000000000000000000e+00,0.000000000000000000e+00,3.232524399439772906e-207
5.940000000000004832e+01,0.000000000000000000e+00,0.000000000000000000e+00,2.599471761499220458e-208
5.950000000000004974e+01,0.000000000000000000e+00,0.000000000000000000e+00,2.076697729706476835e-209
5.960000000000005116e+01,0.000000000000000000e+00,0.000000000000000000e+00,1.648186543640734850e-210
5.970000000000005258e+01,0.000000000000000000e+00,0.000000000000000000e+00,1.299524081663717687e-211
5.980000000000005400e+01,0.000000000000000000e+00,0.000000000000000000e+00,1.017904868414059317e-212
5.990000000000004832e+01,0.000000000000000000e+00,0.000000000000000000e+00,7.920907523766807101e-214
6.000000000000004974e+01,0.000000000000000000e+00,0.000000000000000000e+00,6.123328886891676809e-215
6.010000000000005116e+01,0.000000000000000000e+00,0.000000000000000000e+00,4.702676683367626805e-216
6.020000000000005258e+01,0.000000000000000000e+00,0.000000000000000000e+00,3.587959632672535293e-217
6.030000000000005400e+01,0.000000000000000000e+00,0.000000000000000000e+00,2.719536343263502749e-218
6.040000000000004832e+01,0.000000000000000000e+00,0.000000000000000000e+00,2.047797825896354422e-219
6.050000000000004974e+01,0.000000000000000000e+00,0.000000000000000000e+00,1.531878003088129333e-220
6.060000000000005116e+01,0.000000000000000000e+00,0.000000000000000000e+00,1.138429586950137029e-221
6.070000000000005258e+01,0.000000000000000000e+00,0.000000000000000000e+00,8.404909862832977452e-223
6.080000000000005400e+01,0.000000000000000000e+00,0.000000000000000000e+00,6.164599094551006386e-224
6.090000000000005542e+01,0.000000000000000000e+00,0.000000000000000000e+00,4.491811346682966596e-225
6.100000000000004974e+01,0.000000000000000000e+00,0.000000000000000000e+00,3.251494842042073787e-226
6.110000000000005116e+01,0.000000000000000000e+00,0.000000000000000000e+00,2.338242353382325991e-227
6.120000000000005258e+01,0.000000000000000000e+00,0.000000000000000000e+00,1.670478413710894719e-228
6.130000000000005400e+01,0.000000000000000000e+00,0.000000000000000000e+00,1.185597036219552099e-229
6.140000000000005542e+01,0.000000000000000000e+00,0.000000000000000000e+00,8.359460188675203532e-231
6.150000000000004974e+01,0.000000000000000000e+00,0.000000000000000000e+00,5.855503629260954843e-232
6.160000000000005116e+01,0.000000000000000000e+00,0.000000000000000000e+00,4.074695568594034545e-233
6.170000000000005258e+01,0.000000000000000000e+00,0.000000000000000000e+00,2.816897026163989213e-234
6.180000000000005400e+01,0.000000000000000000e+00,0.000000000000000000e+00,1.934602156100404744e-235
6.190000000000005542e+01,0.000000000000000000e+00,0.000000000000000000e+00,1.319949316415364585e-236
6.200000000000005684e+01,0.000000000000000000e+00,0.000000000000000000e+00,8.946800126806586765e-238
6.210000000000005116e+01,0.000000000000000000e+00,0.000000000000000000e+00,6.024529105357584267e-239
6.220000000000005258e+01,0.000000000000000000e+00,0.000000000000000000e+00,4.030170041234296284e-240
6.230000000000005400e+01,0.000000000000000000e+00,0.000000000000000000e+00,2.678357380242969427e-241
6.240000000000005542e+01,0.000000000000000000e+00,0.000000000000000000e+00,1.768310691284527828e-242
6.250000000000005684e+01,0.000000000000000000e+00,0.000000000000000000e+00,1.159827793213185524e-243
6.260000000000005116e+01,0.000000000000000000e+00,0.000000000000000000e+00,7.557416237702781488e-245
6.270000000000005258e+01,0.000000000000000000e+00,0.000000000000000000e+00,4.892130854149533134e-246
6.280000000000005400e+01,0.000000000000000000e+00,0.000000000000000000e+00,3.146064914297860000e-247
6.290000000000005542e+01,0.000000000000000000e+00,0.000000000000000000e+00,2.009935799654520056e-248
6.300000000000005684e+01,0.000000000000000000e+00,0.000000000000000000e+00,1.275679521047881905e-249
6.310000000000005116e+01,0.000000000000000000e+00,0.000000000000000000e+00,8.043514954350556047e-251
6.320000000000005258e+01,0.000000000000000000e+00,0.000000000000000000e+00,5.038427982646230851e-252
6.330000000000005400e+01,0.000000000000000000e+00,0.000000000000000000e+00,3.135372384292786353e-253
6.340000000000005542e+01,0.000000000000000000e+00,0.000000000000000000e+00,1.938331681392262520e-254
6.350000000000005684e+01,0.000000000000000000e+00,0.000000000000000000e+00,1.190452171129240335e-255
6.360000000000005116e+01,0.000000000000000000e+00,0.000000000000000000e+00,7.263412355284023312e-257
6.370000000000005258e+01,0.000000000000000000e+00,0.000000000000000000e+00,4.402651822867278807e-258
6.380000000000005400e+01,0.000000000000000000e+00,0.000000000000000000e+00,2.651141291904530269e-259
6.390000000000005542e+01,0.000000000000000000e+00,0.000000000000000000e+00,1.585974858640403281e-260
6.400000000000005684e+01,0.000000000000000000e+00,0.000000000000000000e+00,9.425504710296144730e-262
6.410000000000005116e+01,0.000000000000000000e+00,0.000000000000000000e+00,5.564905873585066032e-263
6.420000000000004547e+01,0.000000000000000000e+00,0.000000000000000000e+00,3.264043386947595326e-264
6.430000000000005400e+01,0.000000000000000000e+00,0.000000000000000000e+00,1.901949207653964934e-265
6.440000000000006253e+01,0.000000000000000000e+00,0.000000000000000000e+00,1.100998680213422191e-266
6.450000000000005684e+01,0.000000000000000000e+00,0.000000000000000000e+00,6.331688982586810402e-268
6.460000000000005116e+01,0.000000000000000000e+00,0.000000000000000000e+00,3.617405887829234915e-269
6.470000000000004547e+01,0.000000000000000000e+00,0.000000000000000000e+00,2.053145843621314049e-270
6.480000000000005400e+01,0.000000000000000000e+00,0.000000000000000000e+00,1.157676589733104869e-271
6.490000000000006253e+01,0.000000000000000000e+00,0.000000000000000000e+00,6.484844908249891385e-273
6.500000000000005684e+01,0.000000000000000000e+00,0.000000000000000000e+00,3.608750262980254953e-274
6.510000000000005116e+01,0.000000000000000000e+00,0.000000000000000000e+00,1.995073752225939224e-275
6.520000000000005969e+01,0.000000000000000000e+00,0.000000000000000000e+00,1.095736107820019680e-276
6.530000000000005400e+01,0.000000000000000000e+00,0.000000000000000000e+00,5.978577774216413282e-278
6.540000000000006253e+01,0.000000000000000000e+00,0.000000000000000000e+00,3.240669078011190745e-279
6.550000000000005684e+01,0.000000000000000000e+00,0.000000000000000000e+00,1.745084169726015281e-280
6.560000000000005116e+01,0.000000000000000000e+00,0.000000000000000000e+00,9.335615673065938644e-282
6.570000000000005969e+01,0.000000000000000000e+00,0.000000000000000000e+00,4.961516521070811357e-283
6.580000000000005400e+01,0.000000000000000000e+00,0.000000000000000000e+00,2.619574842917153658e-284
6.590000000000006253e+01,0.000000000000000000e+00,0.000000000000000000e+00,1.374016892442273545e-285
6.600000000000005684e+01,0.000000000000000000e+00,0.000000000000000000e+00,7.159756046845479443e-287
6.610000000000005116e+01,0.000000000000000000e+00,0.000000000000000000e+00,3.706374247031458987e-288
6.620000000000005969e+01,0.000000000000000000e+00,0.000000000000000000e+00,1.906097914176302749e-289
6.630000000000005400e+01,0.000000000000000000e+00,0.000000000000000000e+00,9.738364692871686214e-291
6.640000000000006253e+01,0.000000000000000000e+00,0.000000000000000000e+00,4.942785393420926715e-292
6.650000000000005684e+01,0.000000000000000000e+00,0.000000000000000000e+00,2.492311759351238598e-293
6.660000000000005116e+01,0.000000000000000000e+00,0.000000000000000000e+00,1.248469308463818924e-294
6.670000000000005969e+01,0.000000000000000000e+00,0.000000000000000000e+00,6.212955829661289484e-296
6.680000000000005400e+01,0.000000000000000000e+00,0.000000000000000000e+00,3.071592181974293195e-297
6.690000000000006253e+01,0.000000000000000000e+00,0.000000000000000000e+00,1.508598712782352821e-298
6.700000000000005684e+01,0.000000000000000000e+00,0.000000000000000000e+00,7.360864172820051882e-300
6.710000000000005116e+01,0.000000000000000000e+00,0.000000000000000000e+00,3.568032215089498659e-301
6.720000000000005969e+01,0.000000000000000000e+00,0.000000000000000000e+00,1.718199631900341907e-302
6.730000000000005400e+01,0.000000000000000000e+00,0.000000000000000000e+00,8.219840079888886846e-304
6.740000000000006253e+01,0.000000000000000000e+00,0.000000000000000000e+00,3.906591553026754277e-305
6.750000000000005684e+01,0.000000000000000000e+00,0.000000000000000000e+00,1.844495232082101169e-306
6.760000000000005116e+01,0.000000000000000000e+00,0.000000000000000000e+00,8.651710105370226376e-308
6.770000000000005969e+01,0.000000000000000000e+00,0.000000000000000000e+00,4.031542783000968346e-309
6.780000000000005400e+01,0.000000000000000000e+00,0.000000000000000000e+00,1.866317286416722252e-310
6.790000000000006253e+01,0.000000000000000000e+00,0.000000000000000000e+00,8.583107978730453063e-312
6.800000000000005684e+01,0.000000000000000000e+00,0.000000000000000000e+00,3.921467007903768487e-313
6.810000000000006537e+01,0.000000000000000000e+00,0.000000000000000000e+00,1.779907470461880356e-314
6.820000000000005969e+01,0.000000000000000000e+00,0.000000000000000000e+00,8.025867911329848534e-316
6.830000000000005400e+01,0.000000000000000000e+00,0.000000000000000000e+00,3.595347324988084942e-317
6.840000000000006253e+01,0.000000000000000000e+00,0.000000000000000000e+00,1.600767751869180391e-318
6.850000000000005684e+01,0.000000000000000000e+00,0.000000000000000000e+00,7.015238105299859681e-320
6.860000000000006537e+01,0.000000000000000000e+00,0.000000000000000000e+00,3.186723415676040210e-321
6.870000000000005969e+01,0.000000000000000000e+00,0.000000000000000000e+00,0.000000000000000000e+00
6.880000000000005400e+01,0.000000000000000000e+00,0.000000000000000000e+00,0.000000000000000000e+00
6.890000000000006253e+01,0.000000000000000000e+00,0.000000000000000000e+00,0.000000000000000000e+00
6.900000000000005684e+01,0.000000000000000000e+00,0.000000000000000000e+00,0.000000000000000000e+00
6.910000000000006537e+01,0.000000000000000000e+00,0.000000000000000000e+00,0.000000000000000000e+00
6.920000000000005969e+01,0.000000000000000000e+00,0.000000000000000000e+00,0.000000000000000000e+00
6.930000000000005400e+01,0.000000000000000000e+00,0.000000000000000000e+00,0.000000000000000000e+00
6.940000000000006253e+01,0.000000000000000000e+00,0.000000000000000000e+00,0.000000000000000000e+00
6.950000000000005684e+01,0.000000000000000000e+00,0.000000000000000000e+00,0.000000000000000000e+00
6.960000000000006537e+01,0.000000000000000000e+00,0.000000000000000000e+00,0.000000000000000000e+00
6.970000000000005969e+01,0.000000000000000000e+00,0.000000000000000000e+00,0.000000000000000000e+00
6.980000000000005400e+01,0.000000000000000000e+00,0.000000000000000000e+00,0.000000000000000000e+00
6.990000000000006253e+01,0.000000000000000000e+00,0.000000000000000000e+00,0.000000000000000000e+00
7.000000000000005684e+01,0.000000000000000000e+00,0.000000000000000000e+00,0.000000000000000000e+00
7.010000000000006537e+01,0.000000000000000000e+00,0.000000000000000000e+00,0.000000000000000000e+00
7.020000000000005969e+01,0.000000000000000000e+00,0.000000000000000000e+00,0.000000000000000000e+00
7.030000000000005400e+01,0.000000000000000000e+00,0.000000000000000000e+00,0.000000000000000000e+00
7.040000000000006253e+01,0.000000000000000000e+00,0.000000000000000000e+00,0.000000000000000000e+00
7.050000000000005684e+01,0.000000000000000000e+00,0.000000000000000000e+00,0.000000000000000000e+00
7.060000000000006537e+01,0.000000000000000000e+00,0.000000000000000000e+00,0.000000000000000000e+00
7.070000000000005969e+01,0.000000000000000000e+00,0.000000000000000000e+00,0.000000000000000000e+00
7.080000000000006821e+01,0.000000000000000000e+00,0.000000000000000000e+00,0.000000000000000000e+00
7.090000000000006253e+01,0.000000000000000000e+00,0.000000000000000000e+00,0.000000000000000000e+00
7.100000000000005684e+01,0.000000000000000000e+00,0.000000000000000000e+00,0.000000000000000000e+00
7.110000000000006537e+01,0.000000000000000000e+00,0.000000000000000000e+00,0.000000000000000000e+00
7.120000000000005969e+01,0.000000000000000000e+00,0.000000000000000000e+00,0.000000000000000000e+00
7.130000000000006821e+01,0.000000000000000000e+00,0.000000000000000000e+00,0.000000000000000000e+00
7.140000000000006253e+01,0.000000000000000000e+00,0.000000000000000000e+00,0.000000000000000000e+00
7.150000000000005684e+01,0.000000000000000000e+00,0.000000000000000000e+00,0.000000000000000000e+00
7.160000000000006537e+01,0.000000000000000000e+00,0.000000000000000000e+00,0.000000000000000000e+00
7.170000000000005969e+01,0.000000000000000000e+00,0.000000000000000000e+00,0.000000000000000000e+00
7.180000000000006821e+01,0.000000000000000000e+00,0.000000000000000000e+00,0.000000000000000000e+00
7.190000000000006253e+01,0.000000000000000000e+00,0.000000000000000000e+00,0.000000000000000000e+00
7.200000000000005684e+01,0.000000000000000000e+00,0.000000000000000000e+00,0.000000000000000000e+00
7.210000000000006537e+01,0.000000000000000000e+00,0.000000000000000000e+00,0.000000000000000000e+00
7.220000000000005969e+01,0.000000000000000000e+00,0.000000000000000000e+00,0.000000000000000000e+00
7.230000000000006821e+01,0.000000000000000000e+00,0.000000000000000000e+00,0.000000000000000000e+00
7.240000000000006253e+01,0.000000000000000000e+00,0.000000000000000000e+00,0.000000000000000000e+00
7.250000000000005684e+01,0.000000000000000000e+00,0.000000000000000000e+00,0.000000000000000000e+00
7.260000000000006537e+01,0.000000000000000000e+00,0.000000000000000000e+00,0.000000000000000000e+00
7.270000000000005969e+01,0.000000000000000000e+00,0.000000000000000000e+00,0.000000000000000000e+00
7.280000000000006821e+01,0.000000000000000000e+00,0.000000000000000000e+00,0.000000000000000000e+00
7.290000000000006253e+01,0.000000000000000000e+00,0.000000000000000000e+00,0.000000000000000000e+00
7.300000000000005684e+01,0.000000000000000000e+00,0.000000000000000000e+00,0.000000000000000000e+00
7.310000000000006537e+01,0.000000000000000000e+00,0.000000000000000000e+00,0.000000000000000000e+00
7.320000000000005969e+01,0.000000000000000000e+00,0.000000000000000000e+00,0.000000000000000000e+00
7.330000000000006821e+01,0.000000000000000000e+00,0.000000000000000000e+00,0.000000000000000000e+00
7.340000000000006253e+01,0.000000000000000000e+00,0.000000000000000000e+00,0.000000000000000000e+00
7.350000000000005684e+01,0.000000000000000000e+00,0.000000000000000000e+00,0.000000000000000000e+00
7.360000000000006537e+01,0.000000000000000000e+00,0.000000000000000000e+00,0.000000000000000000e+00
7.370000000000005969e+01,0.000000000000000000e+00,0.000000000000000000e+00,0.000000000000000000e+00
7.380000000000006821e+01,0.000000000000000000e+00,0.000000000000000000e+00,0.000000000000000000e+00
7.390000000000006253e+01,0.000000000000000000e+00,0.000000000000000000e+00,0.000000000000000000e+00
7.400000000000005684e+01,0.000000000000000000e+00,0.000000000000000000e+00,0.000000000000000000e+00
7.410000000000006537e+01,0.000000000000000000e+00,0.000000000000000000e+00,0.000000000000000000e+00
7.420000000000005969e+01,0.000000000000000000e+00,0.000000000000000000e+00,0.000000000000000000e+00
7.430000000000006821e+01,0.000000000000000000e+00,0.000000000000000000e+00,0.000000000000000000e+00
7.440000000000006253e+01,0.000000000000000000e+00,0.000000000000000000e+00,0.000000000000000000e+00
7.450000000000007105e+01,0.000000000000000000e+00,0.000000000000000000e+00,0.000000000000000000e+00
7.460000000000006537e+01,0.000000000000000000e+00,0.000000000000000000e+00,0.000000000000000000e+00
7.470000000000005969e+01,0.000000000000000000e+00,0.000000000000000000e+00,0.000000000000000000e+00
7.480000000000006821e+01,0.000000000000000000e+00,0.000000000000000000e+00,0.000000000000000000e+00
7.490000000000006253e+01,0.000000000000000000e+00,0.000000000000000000e+00,0.000000000000000000e+00
7.500000000000007105e+01,0.000000000000000000e+00,0.000000000000000000e+00,0.000000000000000000e+00
7.510000000000006537e+01,0.000000000000000000e+00,0.000000000000000000e+00,0.000000000000000000e+00
7.520000000000005969e+01,0.000000000000000000e+00,0.000000000000000000e+00,0.000000000000000000e+00
7.530000000000006821e+01,0.000000000000000000e+00,0.000000000000000000e+00,0.000000000000000000e+00
7.540000000000006253e+01,0.000000000000000000e+00,0.000000000000000000e+00,0.000000000000000000e+00
7.550000000000007105e+01,0.000000000000000000e+00,0.000000000000000000e+00,0.000000000000000000e+00
7.560000000000006537e+01,0.000000000000000000e+00,0.000000000000000000e+00,0.000000000000000000e+00
7.570000000000005969e+01,0.000000000000000000e+00,0.000000000000000000e+00,0.000000000000000000e+00
7.580000000000006821e+01,0.000000000000000000e+00,0.000000000000000000e+00,0.000000000000000000e+00
7.590000000000006253e+01,0.000000000000000000e+00,0.000000000000000000e+00,0.000000000000000000e+00
7.600000000000007105e+01,0.000000000000000000e+00,0.000000000000000000e+00,0.000000000000000000e+00
7.610000000000006537e+01,0.000000000000000000e+00,0.000000000000000000e+00,0.000000000000000000e+00
7.620000000000005969e+01,0.000000000000000000e+00,0.000000000000000000e+00,0.000000000000000000e+00
7.630000000000006821e+01,0.000000000000000000e+00,0.000000000000000000e+00,0.000000000000000000e+00
7.640000000000006253e+01,0.000000000000000000e+00,0.000000000000000000e+00,0.000000000000000000e+00
7.650000000000007105e+01,0.000000000000000000e+00,0.000000000000000000e+00,0.000000000000000000e+00
7.660000000000006537e+01,0.000000000000000000e+00,0.000000000000000000e+00,0.000000000000000000e+00
7.670000000000005969e+01,0.000000000000000000e+00,0.000000000000000000e+00,0.000000000000000000e+00
7.680000000000006821e+01,0.000000000000000000e+00,0.000000000000000000e+00,0.000000000000000000e+00
7.690000000000006253e+01,0.000000000000000000e+00,0.000000000000000000e+00,0.000000000000000000e+00
7.700000000000007105e+01,0.000000000000000000e+00,0.000000000000000000e+00,0.000000000000000000e+00
7.710000000000006537e+01,0.000000000000000000e+00,0.000000000000000000e+00,0.000000000000000000e+00
7.720000000000007390e+01,0.000000000000000000e+00,0.000000000000000000e+00,0.000000000000000000e+00
7.730000000000006821e+01,0.000000000000000000e+00,0.000000000000000000e+00,0.000000000000000000e+00
7.740000000000006253e+01,0.000000000000000000e+00,0.000000000000000000e+00,0.000000000000000000e+00
7.750000000000007105e+01,0.000000000000000000e+00,0.000000000000000000e+00,0.000000000000000000e+00
7.760000000000006537e+01,0.000000000000000000e+00,0.000000000000000000e+00,0.000000000000000000e+00
7.770000000000007390e+01,0.000000000000000000e+00,0.000000000000000000e+00,0.000000000000000000e+00
7.780000000000006821e+01,0.000000000000000000e+00,0.000000000000000000e+00,0.000000000000000000e+00
7.790000000000006253e+01,0.000000000000000000e+00,0.000000000000000000e+00,0.000000000000000000e+00
7.800000000000007105e+01,0.000000000000000000e+00,0.000000000000000000e+00,0.000000000000000000e+00
7.810000000000006537e+01,0.000000000000000000e+00,0.000000000000000000e+00,0.000000000000000000e+00
7.820000000000007390e+01,0.000000000000000000e+00,0.000000000000000000e+00,0.000000000000000000e+00
7.830000000000006821e+01,0.000000000000000000e+00,0.000000000000000000e+00,0.000000000000000000e+00
7.840000000000006253e+01,0.000000000000000000e+00,0.000000000000000000e+00,0.000000000000000000e+00
7.850000000000007105e+01,0.000000000000000000e+00,0.000000000000000000e+00,0.000000000000000000e+00
7.860000000000006537e+01,0.000000000000000000e+00,0.000000000000000000e+00,0.000000000000000000e+00
7.870000000000007390e+01,0.000000000000000000e+00,0.000000000000000000e+00,0.000000000000000000e+00
7.880000000000006821e+01,0.000000000000000000e+00,0.000000000000000000e+00,0.000000000000000000e+00
7.890000000000006253e+01,0.000000000000000000e+00,0.000000000000000000e+00,0.000000000000000000e+00
7.900000000000007105e+01,0.000000000000000000e+00,0.000000000000000000e+00,0.000000000000000000e+00
7.910000000000006537e+01,0.000000000000000000e+00,0.000000000000000000e+00,0.000000000000000000e+00
7.920000000000007390e+01,0.000000000000000000e+00,0.000000000000000000e+00,0.000000000000000000e+00
7.930000000000006821e+01,0.000000000000000000e+00,0.000000000000000000e+00,0.000000000000000000e+00
7.940000000000006253e+01,0.000000000000000000e+00,0.000000000000000000e+00,0.000000000000000000e+00
7.950000000000007105e+01,0.000000000000000000e+00,0.000000000000000000e+00,0.000000000000000000e+00
7.960000000000006537e+01,0.000000000000000000e+00,0.000000000000000000e+00,0.000000000000000000e+00
7.970000000000007390e+01,0.000000000000000000e+00,0.000000000000000000e+00,0.000000000000000000e+00
7.980000000000006821e+01,0.000000000000000000e+00,0.000000000000000000e+00,0.000000000000000000e+00
7.990000000000006253e+01,0.000000000000000000e+00,0.000000000000000000e+00,0.000000000000000000e+00
8.000000000000007105e+01,0.000000000000000000e+00,0.000000000000000000e+00,0.000000000000000000e+00
8.010000000000006537e+01,0.000000000000000000e+00,0.000000000000000000e+00,0.000000000000000000e+00
8.020000000000007390e+01,0.000000000000000000e+00,0.000000000000000000e+00,0.000000000000000000e+00
8.030000000000006821e+01,0.000000000000000000e+00,0.000000000000000000e+00,0.000000000000000000e+00
8.040000000000006253e+01,0.000000000000000000e+00,0.000000000000000000e+00,0.000000000000000000e+00
8.050000000000007105e+01,0.000000000000000000e+00,0.000000000000000000e+00,0.000000000000000000e+00
8.060000000000006537e+01,0.000000000000000000e+00,0.000000000000000000e+00,0.000000000000000000e+00
8.070000000000007390e+01,0.000000000000000000e+00,0.000000000000000000e+00,0.000000000000000000e+00
8.080000000000006821e+01,0.000000000000000000e+00,0.000000000000000000e+00,0.000000000000000000e+00
8.090000000000007674e+01,0.000000000000000000e+00,0.000000000000000000e+00,0.000000000000000000e+00
8.100000000000007105e+01,0.000000000000000000e+00,0.000000000000000000e+00,0.000000000000000000e+00
8.110000000000006537e+01,0.000000000000000000e+00,0.000000000000000000e+00,0.000000000000000000e+00
8.120000000000007390e+01,0.000000000000000000e+00,0.000000000000000000e+00,0.000000000000000000e+00
8.130000000000006821e+01,0.000000000000000000e+00,0.000000000000000000e+00,0.000000000000000000e+00
8.140000000000007674e+01,0.000000000000000000e+00,0.000000000000000000e+00,0.000000000000000000e+00
8.150000000000007105e+01,0.000000000000000000e+00,0.000000000000000000e+00,0.000000000000000000e+00
8.160000000000006537e+01,0.000000000000000000e+00,0.000000000000000000e+00,0.000000000000000000e+00
8.170000000000007390e+01,0.000000000000000000e+00,0.000000000000000000e+00,0.000000000000000000e+00
8.180000000000006821e+01,0.000000000000000000e+00,0.000000000000000000e+00,0.000000000000000000e+00
8.190000000000007674e+01,0.000000000000000000e+00,0.000000000000000000e+00,0.000000000000000000e+00
8.200000000000007105e+01,0.000000000000000000e+00,0.000000000000000000e+00,0.000000000000000000e+00
8.210000000000006537e+01,0.000000000000000000e+00,0.000000000000000000e+00,0.000000000000000000e+00
8.220000000000007390e+01,0.000000000000000000e+00,0.000000000000000000e+00,0.000000000000000000e+00
8.230000000000006821e+01,0.000000000000000000e+00,0.000000000000000000e+00,0.000000000000000000e+00
8.240000000000007674e+01,0.000000000000000000e+00,0.000000000000000000e+00,0.000000000000000000e+00
8.250000000000007105e+01,0.000000000000000000e+00,0.000000000000000000e+00,0.000000000000000000e+00
8.260000000000006537e+01,0.000000000000000000e+00,0.000000000000000000e+00,0.000000000000000000e+00
8.270000000000007390e+01,0.000000000000000000e+00,0.000000000000000000e+00,0.000000000000000000e+00
8.280000000000006821e+01,0.000000000000000000e+00,0.000000000000000000e+00,0.000000000000000000e+00
8.290000000000007674e+01,0.000000000000000000e+00,0.000000000000000000e+00,0.000000000000000000e+00
8.300000000000007105e+01,0.000000000000000000e+00,0.000000000000000000e+00,0.000000000000000000e+00
8.310000000000006537e+01,0.000000000000000000e+00,0.000000000000000000e+00,0.000000000000000000e+00
8.320000000000007390e+01,0.000000000000000000e+00,0.000000000000000000e+00,0.000000000000000000e+00
8.330000000000006821e+01,0.000000000000000000e+00,0.000000000000000000e+00,0.000000000000000000e+00
8.340000000000007674e+01,0.000000000000000000e+00,0.000000000000000000e+00,0.000000000000000000e+00
8.350000000000007105e+01,0.000000000000000000e+00,0.000000000000000000e+00,0.000000000000000000e+00
8.360000000000007958e+01,0.000000000000000000e+00,0.000000000000000000e+00,0.000000000000000000e+00
8.370000000000007390e+01,0.000000000000000000e+00,0.000000000000000000e+00,0.000000000000000000e+00
8.380000000000006821e+01,0.000000000000000000e+00,0.000000000000000000e+00,0.000000000000000000e+00
8.390000000000007674e+01,0.000000000000000000e+00,0.000000000000000000e+00,0.000000000000000000e+00
8.400000000000007105e+01,0.000000000000000000e+00,0.000000000000000000e+00,0.000000000000000000e+00
8.410000000000007958e+01,0.000000000000000000e+00,0.000000000000000000e+00,0.000000000000000000e+00
8.420000000000007390e+01,0.000000000000000000e+00,0.000000000000000000e+00,0.000000000000000000e+00
8.430000000000006821e+01,0.000000000000000000e+00,0.000000000000000000e+00,0.000000000000000000e+00
8.440000000000007674e+01,0.000000000000000000e+00,0.000000000000000000e+00,0.000000000000000000e+00
8.450000000000007105e+01,0.000000000000000000e+00,0.000000000000000000e+00,0.000000000000000000e+00
8.460000000000007958e+01,0.000000000000000000e+00,0.000000000000000000e+00,0.000000000000000000e+00
8.470000000000007390e+01,0.000000000000000000e+00,0.000000000000000000e+00,0.000000000000000000e+00
8.480000000000006821e+01,0.000000000000000000e+00,0.000000000000000000e+00,0.000000000000000000e+00
8.490000000000007674e+01,0.000000000000000000e+00,0.000000000000000000e+00,0.000000000000000000e+00
8.500000000000007105e+01,0.000000000000000000e+00,0.000000000000000000e+00,0.000000000000000000e+00
8.510000000000007958e+01,0.000000000000000000e+00,0.000000000000000000e+00,0.000000000000000000e+00
8.520000000000007390e+01,0.000000000000000000e+00,0.000000000000000000e+00,0.000000000000000000e+00
8.530000000000006821e+01,0.000000000000000000e+00,0.000000000000000000e+00,0.000000000000000000e+00
8.540000000000007674e+01,0.000000000000000000e+00,0.000000000000000000e+00,0.000000000000000000e+00
8.550000000000007105e+01,0.000000000000000000e+00,0.000000000000000000e+00,0.000000000000000000e+00
8.560000000000007958e+01,0.000000000000000000e+00,0.000000000000000000e+00,0.000000000000000000e+00
8.570000000000007390e+01,0.000000000000000000e+00,0.000000000000000000e+00,0.000000000000000000e+00
8.580000000000006821e+01,0.000000000000000000e+00,0.000000000000000000e+00,0.000000000000000000e+00
8.590000000000007674e+01,0.000000000000000000e+00,0.000000000000000000e+00,0.000000000000000000e+00
8.600000000000007105e+01,0.000000000000000000e+00,0.000000000000000000e+00,0.000000000000000000e+00
8.610000000000007958e+01,0.000000000000000000e+00,0.000000000000000000e+00,0.000000000000000000e+00
8.620000000000007390e+01,0.000000000000000000e+00,0.000000000000000000e+00,0.000000000000000000e+00
8.630000000000006821e+01,0.000000000000000000e+00,0.000000000000000000e+00,0.000000000000000000e+00
8.640000000000007674e+01,0.000000000000000000e+00,0.000000000000000000e+00,0.000000000000000000e+00
8.650000000000007105e+01,0.000000000000000000e+00,0.000000000000000000e+00,0.000000000000000000e+00
8.660000000000007958e+01,0.000000000000000000e+00,0.000000000000000000e+00,0.000000000000000000e+00
8.670000000000007390e+01,0.000000000000000000e+00,0.000000000000000000e+00,0.000000000000000000e+00
8.680000000000006821e+01,0.000000000000000000e+00,0.000000000000000000e+00,0.000000000000000000e+00
8.690000000000007674e+01,0.000000000000000000e+00,0.000000000000000000e+00,0.000000000000000000e+00
8.700000000000007105e+01,0.000000000000000000e+00,0.000000000000000000e+00,0.000000000000000000e+00
8.710000000000007958e+01,0.000000000000000000e+00,0.000000000000000000e+00,0.000000000000000000e+00
8.720000000000007390e+01,0.000000000000000000e+00,0.000000000000000000e+00,0.000000000000000000e+00
8.730000000000008242e+01,0.000000000000000000e+00,0.000000000000000000e+00,0.000000000000000000e+00
8.740000000000007674e+01,0.000000000000000000e+00,0.000000000000000000e+00,0.000000000000000000e+00
8.750000000000007105e+01,0.000000000000000000e+00,0.000000000000000000e+00,0.000000000000000000e+00
8.760000000000007958e+01,0.000000000000000000e+00,0.000000000000000000e+00,0.000000000000000000e+00
8.770000000000007390e+01,0.000000000000000000e+00,0.000000000000000000e+00,0.000000000000000000e+00
8.780000000000008242e+01,0.000000000000000000e+00,0.000000000000000000e+00,0.000000000000000000e+00
8.790000000000007674e+01,0.000000000000000000e+00,0.000000000000000000e+00,0.000000000000000000e+00
8.800000000000007105e+01,0.000000000000000000e+00,0.000000000000000000e+00,0.000000000000000000e+00
8.810000000000007958e+01,0.000000000000000000e+00,0.000000000000000000e+00,0.000000000000000000e+00
8.820000000000007390e+01,0.000000000000000000e+00,0.000000000000000000e+00,0.000000000000000000e+00
8.830000000000008242e+01,0.000000000000000000e+00,0.000000000000000000e+00,0.000000000000000000e+00
8.840000000000007674e+01,0.000000000000000000e+00,0.000000000000000000e+00,0.000000000000000000e+00
8.850000000000007105e+01,0.000000000000000000e+00,0.000000000000000000e+00,0.000000000000000000e+00
8.860000000000007958e+01,0.000000000000000000e+00,0.000000000000000000e+00,0.000000000000000000e+00
8.870000000000007390e+01,0.000000000000000000e+00,0.000000000000000000e+00,0.000000000000000000e+00
8.880000000000008242e+01,0.000000000000000000e+00,0.000000000000000000e+00,0.000000000000000000e+00
8.890000000000007674e+01,0.000000000000000000e+00,0.000000000000000000e+00,0.000000000000000000e+00
8.900000000000007105e+01,0.000000000000000000e+00,0.000000000000000000e+00,0.000000000000000000e+00
8.910000000000007958e+01,0.000000000000000000e+00,0.000000000000000000e+00,0.000000000000000000e+00
8.920000000000007390e+01,0.000000000000000000e+00,0.000000000000000000e+00,0.000000000000000000e+00
8.930000000000008242e+01,0.000000000000000000e+00,0.000000000000000000e+00,0.000000000000000000e+00
8.940000000000007674e+01,0.000000000000000000e+00,0.000000000000000000e+00,0.000000000000000000e+00
8.950000000000007105e+01,0.000000000000000000e+00,0.000000000000000000e+00,0.000000000000000000e+00
8.960000000000007958e+01,0.000000000000000000e+00,0.000000000000000000e+00,0.000000000000000000e+00
8.970000000000007390e+01,0.000000000000000000e+00,0.000000000000000000e+00,0.000000000000000000e+00
8.980000000000008242e+01,0.000000000000000000e+00,0.000000000000000000e+00,0.000000000000000000e+00
8.990000000000007674e+01,0.000000000000000000e+00,0.000000000000000000e+00,0.000000000000000000e+00
9.000000000000008527e+01,0.000000000000000000e+00,0.000000000000000000e+00,0.000000000000000000e+00
9.010000000000007958e+01,0.000000000000000000e+00,0.000000000000000000e+00,0.000000000000000000e+00
9.020000000000007390e+01,0.000000000000000000e+00,0.000000000000000000e+00,0.000000000000000000e+00
9.030000000000008242e+01,0.000000000000000000e+00,0.000000000000000000e+00,0.000000000000000000e+00
9.040000000000007674e+01,0.000000000000000000e+00,0.000000000000000000e+00,0.000000000000000000e+00
9.050000000000008527e+01,0.000000000000000000e+00,0.000000000000000000e+00,0.000000000000000000e+00
9.060000000000007958e+01,0.000000000000000000e+00,0.000000000000000000e+00,0.000000000000000000e+00
9.070000000000007390e+01,0.000000000000000000e+00,0.000000000000000000e+00,0.000000000000000000e+00
9.080000000000008242e+01,0.000000000000000000e+00,0.000000000000000000e+00,0.000000000000000000e+00
9.090000000000007674e+01,0.000000000000000000e+00,0.000000000000000000e+00,0.000000000000000000e+00
9.100000000000008527e+01,0.000000000000000000e+00,0.000000000000000000e+00,0.000000000000000000e+00
9.110000000000007958e+01,0.000000000000000000e+00,0.000000000000000000e+00,0.000000000000000000e+00
9.120000000000007390e+01,0.000000000000000000e+00,0.000000000000000000e+00,0.000000000000000000e+00
9.130000000000008242e+01,0.000000000000000000e+00,0.000000000000000000e+00,0.000000000000000000e+00
9.140000000000007674e+01,0.000000000000000000e+00,0.000000000000000000e+00,0.000000000000000000e+00
9.150000000000008527e+01,0.000000000000000000e+00,0.000000000000000000e+00,0.000000000000000000e+00
9.160000000000007958e+01,0.000000000000000000e+00,0.000000000000000000e+00,0.000000000000000000e+00
9.170000000000007390e+01,0.000000000000000000e+00,0.000000000000000000e+00,0.000000000000000000e+00
9.180000000000008242e+01,0.000000000000000000e+00,0.000000000000000000e+00,0.000000000000000000e+00
9.190000000000007674e+01,0.000000000000000000e+00,0.000000000000000000e+00,0.000000000000000000e+00
9.200000000000008527e+01,0.000000000000000000e+00,0.000000000000000000e+00,0.000000000000000000e+00
9.210000000000007958e+01,0.000000000000000000e+00,0.000000000000000000e+00,0.000000000000000000e+00
9.220000000000007390e+01,0.000000000000000000e+00,0.000000000000000000e+00,0.000000000000000000e+00
9.230000000000008242e+01,0.000000000000000000e+00,0.000000000000000000e+00,0.000000000000000000e+00
9.240000000000007674e+01,0.000000000000000000e+00,0.000000000000000000e+00,0.000000000000000000e+00
9.250000000000008527e+01,0.000000000000000000e+00,0.000000000000000000e+00,0.000000000000000000e+00
9.260000000000007958e+01,0.000000000000000000e+00,0.000000000000000000e+00,0.000000000000000000e+00
9.270000000000007390e+01,0.000000000000000000e+00,0.000000000000000000e+00,0.000000000000000000e+00
9.280000000000008242e+01,0.000000000000000000e+00,0.000000000000000000e+00,0.000000000000000000e+00
9.290000000000007674e+01,0.000000000000000000e+00,0.000000000000000000e+00,0.000000000000000000e+00
9.300000000000008527e+01,0.000000000000000000e+00,0.000000000000000000e+00,0.000000000000000000e+00
9.310000000000007958e+01,0.000000000000000000e+00,0.000000000000000000e+00,0.000000000000000000e+00
9.320000000000007390e+01,0.000000000000000000e+00,0.000000000000000000e+00,0.000000000000000000e+00
9.330000000000008242e+01,0.000000000000000000e+00,0.000000000000000000e+00,0.000000000000000000e+00
9.340000000000007674e+01,0.000000000000000000e+00,0.000000000000000000e+00,0.000000000000000000e+00
9.350000000000008527e+01,0.000000000000000000e+00,0.000000000000000000e+00,0.000000000000000000e+00
9.360000000000007958e+01,0.000000000000000000e+00,0.000000000000000000e+00,0.000000000000000000e+00
9.370000000000008811e+01,0.000000000000000000e+00,0.000000000000000000e+00,0.000000000000000000e+00
9.380000000000008242e+01,0.000000000000000000e+00,0.000000000000000000e+00,0.000000000000000000e+00
9.390000000000007674e+01,0.000000000000000000e+00,0.000000000000000000e+00,0.000000000000000000e+00
9.400000000000008527e+01,0.000000000000000000e+00,0.000000000000000000e+00,0.000000000000000000e+00
9.410000000000007958e+01,0.000000000000000000e+00,0.000000000000000000e+00,0.000000000000000000e+00
9.420000000000008811e+01,0.000000000000000000e+00,0.000000000000000000e+00,0.000000000000000000e+00
9.430000000000008242e+01,0.000000000000000000e+00,0.000000000000000000e+00,0.000000000000000000e+00
9.440000000000007674e+01,0.000000000000000000e+00,0.000000000000000000e+00,0.000000000000000000e+00
9.450000000000008527e+01,0.000000000000000000e+00,0.000000000000000000e+00,0.000000000000000000e+00
9.460000000000007958e+01,0.000000000000000000e+00,0.000000000000000000e+00,0.000000000000000000e+00
9.470000000000008811e+01,0.000000000000000000e+00,0.000000000000000000e+00,0.000000000000000000e+00
9.480000000000008242e+01,0.000000000000000000e+00,0.000000000000000000e+00,0.000000000000000000e+00
9.490000000000007674e+01,0.000000000000000000e+00,0.000000000000000000e+00,0.000000000000000000e+00
9.500000000000008527e+01,0.000000000000000000e+00,0.000000000000000000e+00,0.000000000000000000e+00
9.510000000000007958e+01,0.000000000000000000e+00,0.000000000000000000e+00,0.000000000000000000e+00
9.520000000000008811e+01,0.000000000000000000e+00,0.000000000000000000e+00,0.000000000000000000e+00
9.530000000000008242e+01,0.000000000000000000e+00,0.000000000000000000e+00,0.000000000000000000e+00
9.540000000000007674e+01,0.000000000000000000e+00,0.000000000000000000e+00,0.000000000000000000e+00
9.550000000000008527e+01,0.000000000000000000e+00,0.000000000000000000e+00,0.000000000000000000e+00
9.560000000000007958e+01,0.000000000000000000e+00,0.000000000000000000e+00,0.000000000000000000e+00
9.570000000000008811e+01,0.000000000000000000e+00,0.000000000000000000e+00,0.000000000000000000e+00
9.580000000000008242e+01,0.000000000000000000e+00,0.000000000000000000e+00,0.000000000000000000e+00
9.590000000000007674e+01,0.000000000000000000e+00,0.000000000000000000e+00,0.000000000000000000e+00
9.600000000000008527e+01,0.000000000000000000e+00,0.000000000000000000e+00,0.000000000000000000e+00
9.610000000000007958e+01,0.000000000000000000e+00,0.000000000000000000e+00,0.000000000000000000e+00
9.620000000000008811e+01,0.000000000000000000e+00,0.000000000000000000e+00,0.000000000000000000e+00
9.630000000000008242e+01,0.000000000000000000e+00,0.000000000000000000e+00,0.000000000000000000e+00
9.640000000000009095e+01,0.000000000000000000e+00,0.000000000000000000e+00,0.000000000000000000e+00
9.650000000000008527e+01,0.000000000000000000e+00,0.000000000000000000e+00,0.000000000000000000e+00
9.660000000000007958e+01,0.000000000000000000e+00,0.000000000000000000e+00,0.000000000000000000e+00
9.670000000000008811e+01,0.000000000000000000e+00,0.000000000000000000e+00,0.000000000000000000e+00
9.680000000000008242e+01,0.000000000000000000e+00,0.000000000000000000e+00,0.000000000000000000e+00
9.690000000000009095e+01,0.000000000000000000e+00,0.000000000000000000e+00,0.000000000000000000e+00
9.700000000000008527e+01,0.000000000000000000e+00,0.000000000000000000e+00,0.000000000000000000e+00
9.710000000000007958e+01,0.000000000000000000e+00,0.000000000000000000e+00,0.000000000000000000e+00
9.720000000000008811e+01,0.000000000000000000e+00,0.000000000000000000e+00,0.000000000000000000e+00
9.730000000000008242e+01,0.000000000000000000e+00,0.000000000000000000e+00,0.000000000000000000e+00
9.740000000000009095e+01,0.000000000000000000e+00,0.000000000000000000e+00,0.000000000000000000e+00
9.750000000000008527e+01,0.000000000000000000e+00,0.000000000000000000e+00,0.000000000000000000e+00
9.760000000000007958e+01,0.000000000000000000e+00,0.000000000000000000e+00,0.000000000000000000e+00
9.770000000000008811e+01,0.000000000000000000e+00,0.000000000000000000e+00,0.000000000000000000e+00
9.780000000000008242e+01,0.000000000000000000e+00,0.000000000000000000e+00,0.000000000000000000e+00
9.790000000000009095e+01,0.000000000000000000e+00,0.000000000000000000e+00,0.000000000000000000e+00
9.800000000000008527e+01,0.000000000000000000e+00,0.000000000000000000e+00,0.000000000000000000e+00
9.810000000000007958e+01,0.000000000000000000e+00,0.000000000000000000e+00,0.000000000000000000e+00
9.820000000000008811e+01,0.000000000000000000e+00,0.000000000000000000e+00,0.000000000000000000e+00
9.830000000000008242e+01,0.000000000000000000e+00,0.000000000000000000e+00,0.000000000000000000e+00
9.840000000000009095e+01,0.000000000000000000e+00,0.000000000000000000e+00,0.000000000000000000e+00
9.850000000000008527e+01,0.000000000000000000e+00,0.000000000000000000e+00,0.000000000000000000e+00
9.860000000000007958e+01,0.000000000000000000e+00,0.000000000000000000e+00,0.000000000000000000e+00
9.870000000000008811e+01,0.000000000000000000e+00,0.000000000000000000e+00,0.000000000000000000e+00
9.880000000000008242e+01,0.000000000000000000e+00,0.000000000000000000e+00,0.000000000000000000e+00
9.890000000000009095e+01,0.000000000000000000e+00,0.000000000000000000e+00,0.000000000000000000e+00
9.900000000000008527e+01,0.000000000000000000e+00,0.000000000000000000e+00,0.000000000000000000e+00
9.910000000000007958e+01,0.000000000000000000e+00,0.000000000000000000e+00,0.000000000000000000e+00
9.920000000000008811e+01,0.000000000000000000e+00,0.000000000000000000e+00,0.000000000000000000e+00
9.930000000000008242e+01,0.000000000000000000e+00,0.000000000000000000e+00,0.000000000000000000e+00
9.940000000000009095e+01,0.000000000000000000e+00,0.000000000000000000e+00,0.000000000000000000e+00
9.950000000000008527e+01,0.000000000000000000e+00,0.000000000000000000e+00,0.000000000000000000e+00
9.960000000000007958e+01,0.000000000000000000e+00,0.000000000000000000e+00,0.000000000000000000e+00
9.970000000000008811e+01,0.000000000000000000e+00,0.000000000000000000e+00,0.000000000000000000e+00
9.980000000000008242e+01,0.000000000000000000e+00,0.000000000000000000e+00,0.000000000000000000e+00
9.990000000000009095e+01,0.000000000000000000e+00,0.000000000000000000e+00,0.000000000000000000e+00
1.000000000000000853e+02,0.000000000000000000e+00,0.000000000000000000e+00,0.000000000000000000e+00
